NPS (pulgadas),Schedule,Altura Caída (m),Masa Tubería (kg),Velocidad Impacto (km/h),Momento Impacto (kg·m/s),Energía Impacto (kJ),Radio Operacional (m),Radio Exclusión Látigo (m)
12,40,16,443.17,63.78,7851.92,69.56,5.42,15.0
12,40,15,443.17,61.76,7602.59,65.21,5.25,14.62
12,30,16,391.11,63.78,6929.69,61.39,5.42,15.0
12,40,14,443.17,59.66,7344.8,60.86,5.07,14.22
12,30,15,391.11,61.76,6709.64,57.55,5.25,14.62
10,40,16,361.75,63.78,6409.43,56.78,5.42,15.0
12,40,13,443.17,57.49,7077.63,56.52,4.88,13.82
12,30,14,391.11,59.66,6482.13,53.72,5.07,14.22
10,40,15,361.75,61.76,6205.91,53.23,5.25,14.62
12,40,12,443.17,55.24,6799.97,52.17,4.69,13.39
12,30,13,391.11,57.49,6246.33,49.88,4.88,13.82
10,40,14,361.75,59.66,5995.47,49.68,5.07,14.22
10,30,16,306.08,63.78,5423.11,48.04,5.42,15.0
12,40,11,443.17,52.89,6510.47,47.82,4.49,12.95
12,20,16,298.28,63.78,5284.81,46.82,5.42,15.0
10,40,13,361.75,57.49,5777.38,46.13,4.88,13.82
12,30,12,391.11,55.24,6001.28,46.04,4.69,13.39
10,30,15,306.08,61.76,5250.9,45.04,5.25,14.62
12,20,15,298.28,61.76,5116.99,43.89,5.25,14.62
12,40,10,443.17,50.43,6207.49,43.47,4.28,12.49
10,40,12,361.75,55.24,5550.73,42.59,4.69,13.39
12,30,11,391.11,52.89,5745.79,42.21,4.49,12.95
10,30,14,306.08,59.66,5072.85,42.04,5.07,14.22
12,20,14,298.28,59.66,4943.49,40.97,5.07,14.22
8,40,16,255.29,63.78,4523.26,40.07,5.42,15.0
10,20,16,250.55,63.78,4439.11,39.33,5.42,15.0
12,40,9,443.17,47.84,5888.94,39.13,4.06,12.0
10,40,11,361.75,52.89,5314.42,39.04,4.49,12.95
10,30,13,306.08,57.49,4888.33,39.03,4.88,13.82
12,30,10,391.11,50.43,5478.4,38.37,4.28,12.49
12,20,13,298.28,57.49,4763.66,38.04,4.88,13.82
8,40,15,255.29,61.76,4379.63,37.57,5.25,14.62
10,20,15,250.55,61.76,4298.15,36.87,5.25,14.62
10,30,12,306.08,55.24,4696.55,36.03,4.69,13.39
10,40,10,361.75,50.43,5067.1,35.49,4.28,12.49
12,20,12,298.28,55.24,4576.78,35.11,4.69,13.39
8,40,14,255.29,59.66,4231.12,35.06,5.07,14.22
12,40,8,443.17,45.1,5552.15,34.78,3.83,11.49
8,30,16,220.9,63.78,3913.92,34.67,5.42,15.0
12,30,9,391.11,47.84,5197.26,34.53,4.06,12.0
10,20,14,250.55,59.66,4152.4,34.41,5.07,14.22
12,10,16,215.87,63.78,3824.72,33.88,5.42,15.0
10,30,11,306.08,52.89,4496.61,33.03,4.49,12.95
8,40,13,255.29,57.49,4077.21,32.56,4.88,13.82
8,30,15,220.9,61.76,3789.63,32.51,5.25,14.62
12,20,11,298.28,52.89,4381.93,32.19,4.49,12.95
10,20,13,250.55,57.49,4001.36,31.95,4.88,13.82
10,40,9,361.75,47.84,4807.07,31.94,4.06,12.0
12,10,15,215.87,61.76,3703.27,31.77,5.25,14.62
8,20,16,199.9,63.78,3541.8,31.38,5.42,15.0
12,30,8,391.11,45.1,4900.03,30.69,3.83,11.49
12,40,7,443.17,42.19,5193.56,30.43,3.58,10.94
8,30,14,220.9,59.66,3661.13,30.34,5.07,14.22
8,40,12,255.29,55.24,3917.26,30.05,4.69,13.39
10,30,10,306.08,50.43,4287.34,30.03,4.28,12.49
12,10,14,215.87,59.66,3577.7,29.65,5.07,14.22
10,20,12,250.55,55.24,3844.38,29.49,4.69,13.39
8,20,15,199.9,61.76,3429.33,29.42,5.25,14.62
12,20,10,298.28,50.43,4178.01,29.26,4.28,12.49
10,40,8,361.75,45.1,4532.15,28.39,3.83,11.49
8,30,13,220.9,57.49,3527.96,28.17,4.88,13.82
8,40,11,255.29,52.89,3750.49,27.55,4.49,12.95
12,10,13,215.87,57.49,3447.56,27.53,4.88,13.82
8,20,14,199.9,59.66,3313.05,27.45,5.07,14.22
10,20,11,250.55,52.89,3680.71,27.04,4.49,12.95
10,30,9,306.08,47.84,4067.33,27.02,4.06,12.0
12,30,7,391.11,42.19,4583.56,26.86,3.58,10.94
6,30,16,169.58,63.78,3004.61,26.62,5.42,15.0
6,40,16,169.58,63.78,3004.61,26.62,5.42,15.0
12,20,9,298.28,47.84,3963.61,26.33,4.06,12.0
10,10,16,166.66,63.78,2952.84,26.16,5.42,15.0
12,40,6,443.17,39.06,4808.3,26.08,3.32,10.35
8,30,12,220.9,55.24,3389.55,26.0,4.69,13.39
8,20,13,199.9,57.49,3192.53,25.49,4.88,13.82
12,10,12,215.87,55.24,3312.31,25.41,4.69,13.39
8,40,10,255.29,50.43,3575.95,25.04,4.28,12.49
6,40,15,169.58,61.76,2909.2,24.95,5.25,14.62
6,30,15,169.58,61.76,2909.2,24.95,5.25,14.62
10,40,7,361.75,42.19,4239.44,24.84,3.58,10.94
10,20,10,250.55,50.43,3509.42,24.58,4.28,12.49
10,10,15,166.66,61.76,2859.07,24.52,5.25,14.62
10,30,8,306.08,45.1,3834.72,24.02,3.83,11.49
8,30,11,220.9,52.89,3245.25,23.84,4.49,12.95
8,20,12,199.9,55.24,3067.29,23.53,4.69,13.39
12,20,8,298.28,45.1,3736.92,23.41,3.83,11.49
6,30,14,169.58,59.66,2810.55,23.29,5.07,14.22
6,40,14,169.58,59.66,2810.55,23.29,5.07,14.22
12,10,11,215.87,52.89,3171.29,23.29,4.49,12.95
12,30,6,391.11,39.06,4243.55,23.02,3.32,10.35
10,10,14,166.66,59.66,2762.13,22.89,5.07,14.22
8,40,9,255.29,47.84,3392.44,22.54,4.06,12.0
10,20,9,250.55,47.84,3329.33,22.12,4.06,12.0
12,40,5,443.17,35.66,4389.36,21.74,3.03,9.71
8,30,10,220.9,50.43,3094.22,21.67,4.28,12.49
6,40,13,169.58,57.49,2708.32,21.63,4.88,13.82
6,30,13,169.58,57.49,2708.32,21.63,4.88,13.82
8,20,11,199.9,52.89,2936.7,21.57,4.49,12.95
10,40,6,361.75,39.06,3924.96,21.29,3.32,10.35
10,10,13,166.66,57.49,2661.65,21.25,4.88,13.82
12,10,10,215.87,50.43,3023.71,21.18,4.28,12.49
10,30,7,306.08,42.19,3587.05,21.02,3.58,10.94
6,20,16,133.89,63.78,2372.19,21.01,5.42,15.0
5,30,16,130.6,63.78,2313.93,20.5,5.42,15.0
5,40,16,130.6,63.78,2313.93,20.5,5.42,15.0
12,20,7,298.28,42.19,3495.57,20.48,3.58,10.94
8,40,8,255.29,45.1,3198.43,20.04,3.83,11.49
6,40,12,169.58,55.24,2602.07,19.96,4.69,13.39
6,30,12,169.58,55.24,2602.07,19.96,4.69,13.39
6,20,15,133.89,61.76,2296.86,19.7,5.25,14.62
10,20,8,250.55,45.1,3138.92,19.66,3.83,11.49
10,10,12,166.66,55.24,2557.23,19.62,4.69,13.39
8,20,10,199.9,50.43,2800.04,19.61,4.28,12.49
8,30,9,220.9,47.84,2935.44,19.5,4.06,12.0
5,30,15,130.6,61.76,2240.45,19.22,5.25,14.62
5,40,15,130.6,61.76,2240.45,19.22,5.25,14.62
12,30,5,391.11,35.66,3873.81,19.18,3.03,9.71
12,10,9,215.87,47.84,2868.54,19.06,4.06,12.0
8,10,16,119.81,63.78,2122.72,18.8,5.42,15.0
6,20,14,133.89,59.66,2218.98,18.39,5.07,14.22
6,30,11,169.58,52.89,2491.29,18.3,4.49,12.95
6,40,11,169.58,52.89,2491.29,18.3,4.49,12.95
10,30,6,306.08,39.06,3320.96,18.02,3.32,10.35
10,10,11,166.66,52.89,2448.36,17.98,4.49,12.95
5,40,14,130.6,59.66,2164.48,17.94,5.07,14.22
5,30,14,130.6,59.66,2164.48,17.94,5.07,14.22
10,40,5,361.75,35.66,3582.98,17.74,3.03,9.71
8,20,9,199.9,47.84,2656.35,17.65,4.06,12.0
8,10,15,119.81,61.76,2055.32,17.63,5.25,14.62
12,20,6,298.28,39.06,3236.27,17.56,3.32,10.35
8,40,7,255.29,42.19,2991.85,17.53,3.58,10.94
5,20,16,111.67,63.78,1978.62,17.53,5.42,15.0
12,40,4,443.17,31.89,3925.96,17.39,2.71,9.0
8,30,8,220.9,45.1,2767.56,17.34,3.83,11.49
10,20,7,250.55,42.19,2936.19,17.2,3.58,10.94
6,20,13,133.89,57.49,2138.26,17.07,4.88,13.82
12,10,8,215.87,45.1,2704.49,16.94,3.83,11.49
5,40,13,130.6,57.49,2085.75,16.66,4.88,13.82
5,30,13,130.6,57.49,2085.75,16.66,4.88,13.82
6,30,10,169.58,50.43,2375.35,16.64,4.28,12.49
6,40,10,169.58,50.43,2375.35,16.64,4.28,12.49
8,10,14,119.81,59.66,1985.62,16.45,5.07,14.22
5,20,15,111.67,61.76,1915.79,16.43,5.25,14.62
10,10,10,166.66,50.43,2334.42,16.35,4.28,12.49
6,20,12,133.89,55.24,2054.38,15.76,4.69,13.39
8,20,8,199.9,45.1,2504.43,15.69,3.83,11.49
5,30,12,130.6,55.24,2003.92,15.37,4.69,13.39
5,40,12,130.6,55.24,2003.92,15.37,4.69,13.39
12,30,4,391.11,31.89,3464.84,15.35,2.71,9.0
5,20,14,111.67,59.66,1850.83,15.34,5.07,14.22
8,10,13,119.81,57.49,1913.39,15.28,4.88,13.82
8,30,7,220.9,42.19,2588.81,15.17,3.58,10.94
4,30,16,96.45,63.78,1708.93,15.14,5.42,15.0
4,40,16,96.45,63.78,1708.93,15.14,5.42,15.0
8,40,6,255.29,39.06,2769.92,15.03,3.32,10.35
10,30,5,306.08,35.66,3031.61,15.01,3.03,9.71
6,40,9,169.58,47.84,2253.46,14.97,4.06,12.0
6,30,9,169.58,47.84,2253.46,14.97,4.06,12.0
12,10,7,215.87,42.19,2529.82,14.82,3.58,10.94
10,20,6,250.55,39.06,2718.39,14.75,3.32,10.35
10,10,9,166.66,47.84,2214.63,14.71,4.06,12.0
12,20,5,298.28,35.66,2954.3,14.63,3.03,9.71
6,20,11,133.89,52.89,1966.92,14.45,4.49,12.95
5,20,13,111.67,57.49,1783.51,14.24,4.88,13.82
10,40,4,361.75,31.89,3204.72,14.2,2.71,9.0
4,30,15,96.45,61.76,1654.67,14.19,5.25,14.62
4,40,15,96.45,61.76,1654.67,14.19,5.25,14.62
8,10,12,119.81,55.24,1838.33,14.1,4.69,13.39
5,40,11,130.6,52.89,1918.61,14.09,4.49,12.95
5,30,11,130.6,52.89,1918.61,14.09,4.49,12.95
8,20,7,199.9,42.19,2342.68,13.73,3.58,10.94
6,40,8,169.58,45.1,2124.58,13.31,3.83,11.49
6,30,8,169.58,45.1,2124.58,13.31,3.83,11.49
4,40,14,96.45,59.66,1598.56,13.25,5.07,14.22
4,30,14,96.45,59.66,1598.56,13.25,5.07,14.22
5,20,12,111.67,55.24,1713.54,13.15,4.69,13.39
6,20,10,133.89,50.43,1875.38,13.13,4.28,12.49
10,10,8,166.66,45.1,2087.97,13.08,3.83,11.49
4,20,16,83.33,63.78,1476.43,13.08,5.42,15.0
12,40,3,443.17,27.62,3399.98,13.04,2.35,8.2
6,10,16,82.96,63.78,1469.87,13.02,5.42,15.0
8,30,6,220.9,39.06,2396.78,13.0,3.32,10.35
8,10,11,119.81,52.89,1760.07,12.93,4.49,12.95
5,40,10,130.6,50.43,1829.32,12.81,4.28,12.49
5,30,10,130.6,50.43,1829.32,12.81,4.28,12.49
12,10,6,215.87,39.06,2342.16,12.71,3.32,10.35
8,40,5,255.29,35.66,2528.58,12.52,3.03,9.71
4,30,13,96.45,57.49,1540.41,12.3,4.88,13.82
4,40,13,96.45,57.49,1540.41,12.3,4.88,13.82
10,20,5,250.55,35.66,2481.54,12.29,3.03,9.71
4,20,15,83.33,61.76,1429.55,12.26,5.25,14.62
6,10,15,82.96,61.76,1423.2,12.21,5.25,14.62
5,20,11,111.67,52.89,1640.59,12.05,4.49,12.95
10,30,4,306.08,31.89,2711.55,12.01,2.71,9.0
6,20,9,133.89,47.84,1779.14,11.82,4.06,12.0
8,20,6,199.9,39.06,2168.9,11.77,3.32,10.35
8,10,10,119.81,50.43,1678.16,11.75,4.28,12.49
12,20,4,298.28,31.89,2642.4,11.7,2.71,9.0
6,40,7,169.58,42.19,1987.36,11.65,3.58,10.94
6,30,7,169.58,42.19,1987.36,11.65,3.58,10.94
5,40,9,130.6,47.84,1735.45,11.53,4.06,12.0
5,30,9,130.6,47.84,1735.45,11.53,4.06,12.0
12,30,3,391.11,27.62,3000.64,11.51,2.35,8.2
4,20,14,83.33,59.66,1381.08,11.44,5.07,14.22
10,10,7,166.66,42.19,1953.12,11.44,3.58,10.94
6,10,14,82.96,59.66,1374.94,11.39,5.07,14.22
4,40,12,96.45,55.24,1479.98,11.35,4.69,13.39
4,30,12,96.45,55.24,1479.98,11.35,4.69,13.39
5,20,10,111.67,50.43,1564.24,10.96,4.28,12.49
5,10,16,69.38,63.78,1229.2,10.89,5.42,15.0
8,30,5,220.9,35.66,2187.95,10.84,3.03,9.71
10,40,3,361.75,27.62,2775.37,10.65,2.35,8.2
3,40,16,67.76,63.78,1200.52,10.64,5.42,15.0
3,30,16,67.76,63.78,1200.52,10.64,5.42,15.0
4,20,13,83.33,57.49,1330.84,10.63,4.88,13.82
12,10,5,215.87,35.66,2138.09,10.59,3.03,9.71
6,10,13,82.96,57.49,1324.93,10.58,4.88,13.82
8,10,9,119.81,47.84,1592.04,10.58,4.06,12.0
6,20,8,133.89,45.1,1677.39,10.51,3.83,11.49
4,40,11,96.45,52.89,1416.97,10.41,4.49,12.95
4,30,11,96.45,52.89,1416.97,10.41,4.49,12.95
5,40,8,130.6,45.1,1636.2,10.25,3.83,11.49
5,30,8,130.6,45.1,1636.2,10.25,3.83,11.49
5,10,15,69.38,61.76,1190.17,10.21,5.25,14.62
3,20,16,63.94,63.78,1132.83,10.04,5.42,15.0
8,40,4,255.29,31.89,2261.63,10.02,2.71,9.0
6,30,6,169.58,39.06,1839.94,9.98,3.32,10.35
6,40,6,169.58,39.06,1839.94,9.98,3.32,10.35
3,30,15,67.76,61.76,1162.4,9.97,5.25,14.62
3,40,15,67.76,61.76,1162.4,9.97,5.25,14.62
5,20,9,111.67,47.84,1483.97,9.86,4.06,12.0
10,20,4,250.55,31.89,2219.55,9.83,2.71,9.0
4,20,12,83.33,55.24,1278.63,9.81,4.69,13.39
8,20,5,199.9,35.66,1979.92,9.81,3.03,9.71
10,10,6,166.66,39.06,1808.24,9.81,3.32,10.35
6,10,12,82.96,55.24,1272.95,9.77,4.69,13.39
5,10,14,69.38,59.66,1149.81,9.53,5.07,14.22
4,40,10,96.45,50.43,1351.03,9.46,4.28,12.49
4,30,10,96.45,50.43,1351.03,9.46,4.28,12.49
3,20,15,63.94,61.76,1096.85,9.41,5.25,14.62
8,10,8,119.81,45.1,1500.99,9.4,3.83,11.49
3,30,14,67.76,59.66,1122.99,9.31,5.07,14.22
3,40,14,67.76,59.66,1122.99,9.31,5.07,14.22
6,20,7,133.89,42.19,1569.06,9.19,3.58,10.94
10,30,3,306.08,27.62,2348.28,9.01,2.35,8.2
4,20,11,83.33,52.89,1224.19,8.99,4.49,12.95
5,30,7,130.6,42.19,1530.52,8.97,3.58,10.94
5,40,7,130.6,42.19,1530.52,8.97,3.58,10.94
6,10,11,82.96,52.89,1218.75,8.95,4.49,12.95
5,10,13,69.38,57.49,1107.99,8.85,4.88,13.82
3,20,14,63.94,59.66,1059.66,8.78,5.07,14.22
12,20,3,298.28,27.62,2288.39,8.78,2.35,8.2
5,20,8,111.67,45.1,1399.1,8.76,3.83,11.49
12,40,2,443.17,22.55,2776.07,8.69,1.92,7.24
8,30,4,220.9,31.89,1956.96,8.67,2.71,9.0
3,40,13,67.76,57.49,1082.14,8.64,4.88,13.82
3,30,13,67.76,57.49,1082.14,8.64,4.88,13.82
4,30,9,96.45,47.84,1281.7,8.52,4.06,12.0
4,40,9,96.45,47.84,1281.7,8.52,4.06,12.0
12,10,4,215.87,31.89,1912.36,8.47,2.71,9.0
6,30,5,169.58,35.66,1679.63,8.32,3.03,9.71
6,40,5,169.58,35.66,1679.63,8.32,3.03,9.71
8,10,7,119.81,42.19,1404.05,8.23,3.58,10.94
4,20,10,83.33,50.43,1167.22,8.17,4.28,12.49
5,10,12,69.38,55.24,1064.52,8.17,4.69,13.39
10,10,5,166.66,35.66,1650.69,8.17,3.03,9.71
3,20,13,63.94,57.49,1021.11,8.15,4.88,13.82
6,10,10,82.96,50.43,1162.04,8.14,4.28,12.49
2-1/2,30,16,51.8,63.78,917.73,8.13,5.42,15.0
2-1/2,40,16,51.8,63.78,917.73,8.13,5.42,15.0
3,40,12,67.76,55.24,1039.68,7.98,4.69,13.39
3,30,12,67.76,55.24,1039.68,7.98,4.69,13.39
6,20,6,133.89,39.06,1452.66,7.88,3.32,10.35
4,10,16,50.21,63.78,889.57,7.88,5.42,15.0
8,20,4,199.9,31.89,1770.9,7.84,2.71,9.0
5,40,6,130.6,39.06,1416.99,7.69,3.32,10.35
5,30,6,130.6,39.06,1416.99,7.69,3.32,10.35
12,30,2,391.11,22.55,2450.01,7.67,1.92,7.24
5,20,7,111.67,42.19,1308.74,7.67,3.58,10.94
2-1/2,40,15,51.8,61.76,888.59,7.62,5.25,14.62
2-1/2,30,15,51.8,61.76,888.59,7.62,5.25,14.62
4,40,8,96.45,45.1,1208.4,7.57,3.83,11.49
2-1/2,20,16,48.25,63.78,854.91,7.57,5.42,15.0
4,30,8,96.45,45.1,1208.4,7.57,3.83,11.49
3,20,12,63.94,55.24,981.06,7.53,4.69,13.39
8,40,3,255.29,27.62,1958.63,7.51,2.35,8.2
5,10,11,69.38,52.89,1019.2,7.49,4.49,12.95
4,10,15,50.21,61.76,861.32,7.39,5.25,14.62
10,20,3,250.55,27.62,1922.19,7.37,2.35,8.2
4,20,9,83.33,47.84,1107.33,7.36,4.06,12.0
6,10,9,82.96,47.84,1102.4,7.32,4.06,12.0
3,40,11,67.76,52.89,995.42,7.31,4.49,12.95
3,30,11,67.76,52.89,995.42,7.31,4.49,12.95
2-1/2,40,14,51.8,59.66,858.46,7.11,5.07,14.22
2-1/2,30,14,51.8,59.66,858.46,7.11,5.07,14.22
2-1/2,20,15,48.25,61.76,827.76,7.1,5.25,14.62
10,40,2,361.75,22.55,2266.08,7.1,1.92,7.24
8,10,6,119.81,39.06,1299.9,7.05,3.32,10.35
3,20,11,63.94,52.89,939.29,6.9,4.49,12.95
4,10,14,50.21,59.66,832.12,6.9,5.07,14.22
5,10,10,69.38,50.43,971.77,6.81,4.28,12.49
3,40,10,67.76,50.43,949.1,6.65,4.28,12.49
6,30,4,169.58,31.89,1502.3,6.65,2.71,9.0
6,40,4,169.58,31.89,1502.3,6.65,2.71,9.0
3,30,10,67.76,50.43,949.1,6.65,4.28,12.49
2-1/2,20,14,48.25,59.66,799.69,6.63,5.07,14.22
4,40,7,96.45,42.19,1130.35,6.62,3.58,10.94
4,30,7,96.45,42.19,1130.35,6.62,3.58,10.94
2-1/2,40,13,51.8,57.49,827.23,6.61,4.88,13.82
2-1/2,30,13,51.8,57.49,827.23,6.61,4.88,13.82
5,20,6,111.67,39.06,1211.65,6.57,3.32,10.35
6,20,5,133.89,35.66,1326.09,6.57,3.03,9.71
10,10,4,166.66,31.89,1476.42,6.54,2.71,9.0
4,20,8,83.33,45.1,1044.0,6.54,3.83,11.49
6,10,8,82.96,45.1,1039.36,6.51,3.83,11.49
8,30,3,220.9,27.62,1694.78,6.5,2.35,8.2
5,30,5,130.6,35.66,1293.53,6.41,3.03,9.71
5,40,5,130.6,35.66,1293.53,6.41,3.03,9.71
4,10,13,50.21,57.49,801.85,6.4,4.88,13.82
12,10,3,215.87,27.62,1656.15,6.35,2.35,8.2
3,20,10,63.94,50.43,895.58,6.27,4.28,12.49
2-1/2,20,13,48.25,57.49,770.6,6.15,4.88,13.82
5,10,9,69.38,47.84,921.9,6.13,4.06,12.0
2-1/2,30,12,51.8,55.24,794.78,6.1,4.69,13.39
2-1/2,40,12,51.8,55.24,794.78,6.1,4.69,13.39
3,10,16,38.74,63.78,686.47,6.08,5.42,15.0
10,30,2,306.08,22.55,1917.36,6.01,1.92,7.24
3,30,9,67.76,47.84,900.39,5.98,4.06,12.0
3,40,9,67.76,47.84,900.39,5.98,4.06,12.0
4,10,12,50.21,55.24,770.39,5.91,4.69,13.39
8,20,3,199.9,27.62,1533.64,5.88,2.35,8.2
8,10,5,119.81,35.66,1186.64,5.88,3.03,9.71
12,20,2,298.28,22.55,1868.46,5.85,1.92,7.24
4,20,7,83.33,42.19,976.57,5.72,3.58,10.94
3,10,15,38.74,61.76,664.67,5.7,5.25,14.62
6,10,7,82.96,42.19,972.23,5.7,3.58,10.94
4,30,6,96.45,39.06,1046.5,5.68,3.32,10.35
4,40,6,96.45,39.06,1046.5,5.68,3.32,10.35
2-1/2,20,12,48.25,55.24,740.37,5.68,4.69,13.39
3,20,9,63.94,47.84,849.62,5.65,4.06,12.0
2-1/2,40,11,51.8,52.89,760.94,5.59,4.49,12.95
2-1/2,30,11,51.8,52.89,760.94,5.59,4.49,12.95
5,20,5,111.67,35.66,1106.08,5.48,3.03,9.71
5,10,8,69.38,45.1,869.18,5.44,3.83,11.49
4,10,11,50.21,52.89,737.59,5.42,4.49,12.95
3,30,8,67.76,45.1,848.9,5.32,3.83,11.49
3,40,8,67.76,45.1,848.9,5.32,3.83,11.49
3,10,14,38.74,59.66,642.13,5.32,5.07,14.22
6,20,4,133.89,31.89,1186.09,5.25,2.71,9.0
2-1/2,20,11,48.25,52.89,708.85,5.21,4.49,12.95
5,30,4,130.6,31.89,1156.97,5.12,2.71,9.0
5,40,4,130.6,31.89,1156.97,5.12,2.71,9.0
2,30,16,32.62,63.78,578.04,5.12,5.42,15.0
2,40,16,32.62,63.78,578.04,5.12,5.42,15.0
2-1/2,40,10,51.8,50.43,725.53,5.08,4.28,12.49
2-1/2,30,10,51.8,50.43,725.53,5.08,4.28,12.49
3,20,8,63.94,45.1,801.03,5.02,3.83,11.49
8,40,2,255.29,22.55,1599.21,5.01,1.92,7.24
6,40,3,169.58,27.62,1301.03,4.99,2.35,8.2
6,30,3,169.58,27.62,1301.03,4.99,2.35,8.2
2-1/2,10,16,31.57,63.78,559.33,4.96,5.42,15.0
3,10,13,38.74,57.49,618.77,4.94,4.88,13.82
4,10,10,50.21,50.43,703.27,4.93,4.28,12.49
10,20,2,250.55,22.55,1569.46,4.92,1.92,7.24
10,10,3,166.66,27.62,1278.62,4.9,2.35,8.2
4,20,6,83.33,39.06,904.13,4.9,3.32,10.35
6,10,6,82.96,39.06,900.11,4.88,3.32,10.35
2,40,15,32.62,61.76,559.69,4.8,5.25,14.62
2,30,15,32.62,61.76,559.69,4.8,5.25,14.62
5,10,7,69.38,42.19,813.04,4.76,3.58,10.94
4,30,5,96.45,35.66,955.32,4.73,3.03,9.71
4,40,5,96.45,35.66,955.32,4.73,3.03,9.71
2-1/2,20,10,48.25,50.43,675.86,4.73,4.28,12.49
8,10,4,119.81,31.89,1061.36,4.7,2.71,9.0
3,30,7,67.76,42.19,794.07,4.65,3.58,10.94
2-1/2,10,15,31.57,61.76,541.57,4.65,5.25,14.62
3,40,7,67.76,42.19,794.07,4.65,3.58,10.94
2-1/2,40,9,51.8,47.84,688.3,4.57,4.06,12.0
2-1/2,30,9,51.8,47.84,688.3,4.57,4.06,12.0
3,10,12,38.74,55.24,594.5,4.56,4.69,13.39
2,30,14,32.62,59.66,540.71,4.48,5.07,14.22
2,40,14,32.62,59.66,540.71,4.48,5.07,14.22
4,10,9,50.21,47.84,667.18,4.43,4.06,12.0
3,20,7,63.94,42.19,749.29,4.39,3.58,10.94
5,20,4,111.67,31.89,989.31,4.38,2.71,9.0
12,40,1,443.17,15.95,1962.98,4.35,1.35,6.0
2-1/2,10,14,31.57,59.66,523.2,4.34,5.07,14.22
8,30,2,220.9,22.55,1383.78,4.33,1.92,7.24
2-1/2,20,9,48.25,47.84,641.18,4.26,4.06,12.0
12,10,2,215.87,22.55,1352.24,4.24,1.92,7.24
2,20,16,26.88,63.78,476.21,4.22,5.42,15.0
3,10,11,38.74,52.89,569.19,4.18,4.49,12.95
2,30,13,32.62,57.49,521.04,4.16,4.88,13.82
2,40,13,32.62,57.49,521.04,4.16,4.88,13.82
4,20,5,83.33,35.66,825.35,4.09,3.03,9.71
5,10,6,69.38,39.06,752.73,4.08,3.32,10.35
2-1/2,40,8,51.8,45.1,648.93,4.07,3.83,11.49
2-1/2,30,8,51.8,45.1,648.93,4.07,3.83,11.49
6,10,5,82.96,35.66,821.68,4.07,3.03,9.71
2-1/2,10,13,31.57,57.49,504.17,4.03,4.88,13.82
3,40,6,67.76,39.06,735.17,3.99,3.32,10.35
3,30,6,67.76,39.06,735.17,3.99,3.32,10.35
2,20,15,26.88,61.76,461.09,3.95,5.25,14.62
6,20,3,133.89,27.62,1027.19,3.94,2.35,8.2
4,10,8,50.21,45.1,629.02,3.94,3.83,11.49
8,20,2,199.9,22.55,1252.21,3.92,1.92,7.24
2,40,12,32.62,55.24,500.6,3.84,4.69,13.39
2,30,12,32.62,55.24,500.6,3.84,4.69,13.39
12,30,1,391.11,15.95,1732.42,3.84,1.35,6.0
5,40,3,130.6,27.62,1001.96,3.84,2.35,8.2
5,30,3,130.6,27.62,1001.96,3.84,2.35,8.2
1-1/2,40,16,24.3,63.78,430.48,3.81,5.42,15.0
1-1/2,30,16,24.3,63.78,430.48,3.81,5.42,15.0
3,10,10,38.74,50.43,542.7,3.8,4.28,12.49
2-1/2,20,8,48.25,45.1,604.51,3.79,3.83,11.49
4,30,4,96.45,31.89,854.47,3.78,2.71,9.0
4,40,4,96.45,31.89,854.47,3.78,2.71,9.0
3,20,6,63.94,39.06,693.71,3.76,3.32,10.35
2-1/2,10,12,31.57,55.24,484.39,3.72,4.69,13.39
2,10,16,23.58,63.78,417.79,3.7,5.42,15.0
2,20,14,26.88,59.66,445.45,3.69,5.07,14.22
1-1/2,30,15,24.3,61.76,416.81,3.58,5.25,14.62
1-1/2,40,15,24.3,61.76,416.81,3.58,5.25,14.62
2-1/2,40,7,51.8,42.19,607.02,3.56,3.58,10.94
2-1/2,30,7,51.8,42.19,607.02,3.56,3.58,10.94
10,40,1,361.75,15.95,1602.36,3.55,1.35,6.0
8,10,3,119.81,27.62,919.16,3.53,2.35,8.2
2,40,11,32.62,52.89,479.29,3.52,4.49,12.95
2,30,11,32.62,52.89,479.29,3.52,4.49,12.95
2,10,15,23.58,61.76,404.52,3.47,5.25,14.62
4,10,7,50.21,42.19,588.4,3.45,3.58,10.94
2,20,13,26.88,57.49,429.25,3.43,4.88,13.82
3,10,9,38.74,47.84,514.85,3.42,4.06,12.0
2-1/2,10,11,31.57,52.89,463.77,3.41,4.49,12.95
5,10,5,69.38,35.66,687.15,3.4,3.03,9.71
1-1/2,30,14,24.3,59.66,402.68,3.34,5.07,14.22
1-1/2,40,14,24.3,59.66,402.68,3.34,5.07,14.22
1-1/2,20,16,21.23,63.78,376.16,3.33,5.42,15.0
6,30,2,169.58,22.55,1062.29,3.33,1.92,7.24
6,40,2,169.58,22.55,1062.29,3.33,1.92,7.24
3,30,5,67.76,35.66,671.11,3.32,3.03,9.71
3,40,5,67.76,35.66,671.11,3.32,3.03,9.71
2-1/2,20,7,48.25,42.19,565.47,3.31,3.58,10.94
5,20,3,111.67,27.62,856.77,3.29,2.35,8.2
4,20,4,83.33,31.89,738.22,3.27,2.71,9.0
10,10,2,166.66,22.55,1043.99,3.27,1.92,7.24
6,10,4,82.96,31.89,734.94,3.26,2.71,9.0
2,10,14,23.58,59.66,390.8,3.24,5.07,14.22
2,40,10,32.62,50.43,456.98,3.2,4.28,12.49
2,30,10,32.62,50.43,456.98,3.2,4.28,12.49
1-1/4,40,16,20.35,63.78,360.63,3.19,5.42,15.0
1-1/4,30,16,20.35,63.78,360.63,3.19,5.42,15.0
2,20,12,26.88,55.24,412.41,3.16,4.69,13.39
3,20,5,63.94,35.66,633.27,3.14,3.03,9.71
1-1/2,20,15,21.23,61.76,364.22,3.12,5.25,14.62
1-1/2,30,13,24.3,57.49,388.03,3.1,4.88,13.82
1-1/2,40,13,24.3,57.49,388.03,3.1,4.88,13.82
2-1/2,10,10,31.57,50.43,442.19,3.1,4.28,12.49
2-1/2,40,6,51.8,39.06,561.99,3.05,3.32,10.35
2-1/2,30,6,51.8,39.06,561.99,3.05,3.32,10.35
3,10,8,38.74,45.1,485.41,3.04,3.83,11.49
2,10,13,23.58,57.49,376.59,3.01,4.88,13.82
1-1/4,30,15,20.35,61.76,349.18,3.0,5.25,14.62
10,30,1,306.08,15.95,1355.78,3.0,1.35,6.0
1-1/4,40,15,20.35,61.76,349.18,3.0,5.25,14.62
4,10,6,50.21,39.06,544.75,2.96,3.32,10.35
12,20,1,298.28,15.95,1321.2,2.93,1.35,6.0
1-1/2,10,16,18.66,63.78,330.64,2.93,5.42,15.0
1-1/2,20,14,21.23,59.66,351.87,2.92,5.07,14.22
2,20,11,26.88,52.89,394.85,2.9,4.49,12.95
2,30,9,32.62,47.84,433.53,2.88,4.06,12.0
2,40,9,32.62,47.84,433.53,2.88,4.06,12.0
1-1/2,40,12,24.3,55.24,372.81,2.86,4.69,13.39
1-1/2,30,12,24.3,55.24,372.81,2.86,4.69,13.39
4,40,3,96.45,27.62,739.99,2.84,2.35,8.2
2-1/2,20,6,48.25,39.06,523.52,2.84,3.32,10.35
4,30,3,96.45,27.62,739.99,2.84,2.35,8.2
1-1/4,30,14,20.35,59.66,337.34,2.8,5.07,14.22
1-1/4,40,14,20.35,59.66,337.34,2.8,5.07,14.22
2-1/2,10,9,31.57,47.84,419.5,2.79,4.06,12.0
2,10,12,23.58,55.24,361.81,2.78,4.69,13.39
1-1/2,10,15,18.66,61.76,320.14,2.75,5.25,14.62
5,10,4,69.38,31.89,614.6,2.72,2.71,9.0
1-1/2,20,13,21.23,57.49,339.07,2.71,4.88,13.82
1-1/4,20,16,17.24,63.78,305.46,2.71,5.42,15.0
3,40,4,67.76,31.89,600.26,2.66,2.71,9.0
3,10,7,38.74,42.19,454.06,2.66,3.58,10.94
3,30,4,67.76,31.89,600.26,2.66,2.71,9.0
2,20,10,26.88,50.43,376.47,2.64,4.28,12.49
6,20,2,133.89,22.55,838.7,2.63,1.92,7.24
1-1/2,40,11,24.3,52.89,356.94,2.62,4.49,12.95
1-1/2,30,11,24.3,52.89,356.94,2.62,4.49,12.95
1-1/4,30,13,20.35,57.49,325.07,2.6,4.88,13.82
1-1/4,40,13,20.35,57.49,325.07,2.6,4.88,13.82
2,40,8,32.62,45.1,408.74,2.56,3.83,11.49
5,30,2,130.6,22.55,818.1,2.56,1.92,7.24
2,30,8,32.62,45.1,408.74,2.56,3.83,11.49
5,40,2,130.6,22.55,818.1,2.56,1.92,7.24
1-1/2,10,14,18.66,59.66,309.29,2.56,5.07,14.22
2-1/2,30,5,51.8,35.66,513.03,2.54,3.03,9.71
2-1/2,40,5,51.8,35.66,513.03,2.54,3.03,9.71
1-1/4,10,16,16.16,63.78,286.34,2.54,5.42,15.0
2,10,11,23.58,52.89,346.41,2.54,4.49,12.95
1-1/4,20,15,17.24,61.76,295.76,2.54,5.25,14.62
3,20,4,63.94,31.89,566.41,2.51,2.71,9.0
1-1/2,20,12,21.23,55.24,325.77,2.5,4.69,13.39
8,40,1,255.29,15.95,1130.81,2.5,1.35,6.0
2-1/2,10,8,31.57,45.1,395.51,2.48,3.83,11.49
4,10,5,50.21,35.66,497.28,2.46,3.03,9.71
10,20,1,250.55,15.95,1109.78,2.46,1.35,6.0
4,20,3,83.33,27.62,639.31,2.45,2.35,8.2
6,10,3,82.96,27.62,636.47,2.44,2.35,8.2
1-1/4,40,12,20.35,55.24,312.32,2.4,4.69,13.39
1-1/4,30,12,20.35,55.24,312.32,2.4,4.69,13.39
1-1/2,10,13,18.66,57.49,298.04,2.38,4.88,13.82
1-1/4,10,15,16.16,61.76,277.25,2.38,5.25,14.62
1-1/2,30,10,24.3,50.43,340.33,2.38,4.28,12.49
1-1/2,40,10,24.3,50.43,340.33,2.38,4.28,12.49
2-1/2,20,5,48.25,35.66,477.91,2.37,3.03,9.71
1-1/4,20,14,17.24,59.66,285.73,2.37,5.07,14.22
2,20,9,26.88,47.84,357.16,2.37,4.06,12.0
1,40,16,15.01,63.78,266.02,2.36,5.42,15.0
1,30,16,15.01,63.78,266.02,2.36,5.42,15.0
8,10,2,119.81,22.55,750.5,2.35,1.92,7.24
2,10,10,23.58,50.43,330.29,2.31,4.28,12.49
1-1/2,20,11,21.23,52.89,311.9,2.29,4.49,12.95
3,10,6,38.74,39.06,420.37,2.28,3.32,10.35
2,40,7,32.62,42.19,382.34,2.24,3.58,10.94
2,30,7,32.62,42.19,382.34,2.24,3.58,10.94
1-1/4,10,14,16.16,59.66,267.85,2.22,5.07,14.22
1,30,15,15.01,61.76,257.57,2.21,5.25,14.62
1,40,15,15.01,61.76,257.57,2.21,5.25,14.62
1-1/2,10,12,18.66,55.24,286.34,2.2,4.69,13.39
1-1/4,20,13,17.24,57.49,275.34,2.2,4.88,13.82
1-1/4,40,11,20.35,52.89,299.02,2.2,4.49,12.95
1-1/4,30,11,20.35,52.89,299.02,2.2,4.49,12.95
5,20,2,111.67,22.55,699.55,2.19,1.92,7.24
2-1/2,10,7,31.57,42.19,369.96,2.17,3.58,10.94
8,30,1,220.9,15.95,978.48,2.17,1.35,6.0
1-1/2,30,9,24.3,47.84,322.86,2.15,4.06,12.0
1-1/2,40,9,24.3,47.84,322.86,2.15,4.06,12.0
12,10,1,215.87,15.95,956.18,2.12,1.35,6.0
2,20,8,26.88,45.1,336.73,2.11,3.83,11.49
1-1/2,20,10,21.23,50.43,297.38,2.08,4.28,12.49
2,10,9,23.58,47.84,313.34,2.08,4.06,12.0
1-1/4,10,13,16.16,57.49,258.11,2.06,4.88,13.82
1,30,14,15.01,59.66,248.84,2.06,5.07,14.22
1,40,14,15.01,59.66,248.84,2.06,5.07,14.22
1,20,16,13.09,63.78,231.89,2.05,5.42,15.0
5,10,3,69.38,27.62,532.26,2.04,2.35,8.2
2-1/2,30,4,51.8,31.89,458.87,2.03,2.71,9.0
2-1/2,40,4,51.8,31.89,458.87,2.03,2.71,9.0
1-1/4,20,12,17.24,55.24,264.54,2.03,4.69,13.39
1-1/2,10,11,18.66,52.89,274.15,2.01,4.49,12.95
1-1/4,40,10,20.35,50.43,285.11,2.0,4.28,12.49
1-1/4,30,10,20.35,50.43,285.11,2.0,4.28,12.49
3,30,3,67.76,27.62,519.84,1.99,2.35,8.2
3,40,3,67.76,27.62,519.84,1.99,2.35,8.2
4,10,4,50.21,31.89,444.79,1.97,2.71,9.0
1,10,16,12.55,63.78,222.44,1.97,5.42,15.0
8,20,1,199.9,15.95,885.45,1.96,1.35,6.0
1,20,15,13.09,61.76,224.52,1.93,5.25,14.62
2,40,6,32.62,39.06,353.98,1.92,3.32,10.35
2,30,6,32.62,39.06,353.98,1.92,3.32,10.35
1,40,13,15.01,57.49,239.78,1.91,4.88,13.82
1-1/2,30,8,24.3,45.1,304.4,1.91,3.83,11.49
1-1/2,40,8,24.3,45.1,304.4,1.91,3.83,11.49
1,30,13,15.01,57.49,239.78,1.91,4.88,13.82
1-1/4,10,12,16.16,55.24,247.98,1.9,4.69,13.39
3,10,5,38.74,35.66,383.75,1.9,3.03,9.71
2-1/2,20,4,48.25,31.89,427.45,1.89,2.71,9.0
4,40,2,96.45,22.55,604.2,1.89,1.92,7.24
4,30,2,96.45,22.55,604.2,1.89,1.92,7.24
3,20,3,63.94,27.62,490.53,1.88,2.35,8.2
1-1/2,20,9,21.23,47.84,282.12,1.87,4.06,12.0
2-1/2,10,6,31.57,39.06,342.52,1.86,3.32,10.35
1-1/4,20,11,17.24,52.89,253.27,1.86,4.49,12.95
2,10,8,23.58,45.1,295.42,1.85,3.83,11.49
2,20,7,26.88,42.19,314.98,1.85,3.58,10.94
1,10,15,12.55,61.76,215.37,1.85,5.25,14.62
1-1/2,10,10,18.66,50.43,261.4,1.83,4.28,12.49
1-1/4,40,9,20.35,47.84,270.48,1.8,4.06,12.0
1,20,14,13.09,59.66,216.91,1.8,5.07,14.22
1-1/4,30,9,20.35,47.84,270.48,1.8,4.06,12.0
1,40,12,15.01,55.24,230.38,1.77,4.69,13.39
1,30,12,15.01,55.24,230.38,1.77,4.69,13.39
1-1/4,10,11,16.16,52.89,237.42,1.74,4.49,12.95
1,10,14,12.55,59.66,208.07,1.72,5.07,14.22
1-1/4,20,10,17.24,50.43,241.49,1.69,4.28,12.49
1,20,13,13.09,57.49,209.02,1.67,4.88,13.82
1-1/2,20,8,21.23,45.1,265.99,1.67,3.83,11.49
1-1/2,40,7,24.3,42.19,284.74,1.67,3.58,10.94
1-1/2,30,7,24.3,42.19,284.74,1.67,3.58,10.94
6,40,1,169.58,15.95,751.15,1.66,1.35,6.0
6,30,1,169.58,15.95,751.15,1.66,1.35,6.0
1-1/2,10,9,18.66,47.84,247.98,1.65,4.06,12.0
6,10,2,82.96,22.55,519.68,1.63,1.92,7.24
10,10,1,166.66,15.95,738.21,1.63,1.35,6.0
4,20,2,83.33,22.55,522.0,1.63,1.92,7.24
1,40,11,15.01,52.89,220.57,1.62,4.49,12.95
2,10,7,23.58,42.19,276.34,1.62,3.58,10.94
1,30,11,15.01,52.89,220.57,1.62,4.49,12.95
1-1/4,40,8,20.35,45.1,255.01,1.6,3.83,11.49
2,30,5,32.62,35.66,323.14,1.6,3.03,9.71
1-1/4,30,8,20.35,45.1,255.01,1.6,3.83,11.49
1,10,13,12.55,57.49,200.5,1.6,4.88,13.82
2,40,5,32.62,35.66,323.14,1.6,3.03,9.71
1-1/4,10,10,16.16,50.43,226.37,1.59,4.28,12.49
2,20,6,26.88,39.06,291.62,1.58,3.32,10.35
2-1/2,10,5,31.57,35.66,312.67,1.55,3.03,9.71
1,20,12,13.09,55.24,200.82,1.54,4.69,13.39
2-1/2,30,3,51.8,27.62,397.39,1.52,2.35,8.2
1-1/4,20,9,17.24,47.84,229.1,1.52,4.06,12.0
2-1/2,40,3,51.8,27.62,397.39,1.52,2.35,8.2
3,10,4,38.74,31.89,343.23,1.52,2.71,9.0
4,10,3,50.21,27.62,385.2,1.48,2.35,8.2
1,10,12,12.55,55.24,192.64,1.48,4.69,13.39
1,40,10,15.01,50.43,210.3,1.47,4.28,12.49
1,30,10,15.01,50.43,210.3,1.47,4.28,12.49
1-1/2,10,8,18.66,45.1,233.8,1.46,3.83,11.49
1-1/2,20,7,21.23,42.19,248.81,1.46,3.58,10.94
1-1/2,40,6,24.3,39.06,263.62,1.43,3.32,10.35
1-1/4,10,9,16.16,47.84,214.76,1.43,4.06,12.0
1-1/2,30,6,24.3,39.06,263.62,1.43,3.32,10.35
2-1/2,20,3,48.25,27.62,370.19,1.42,2.35,8.2
1,20,11,13.09,52.89,192.27,1.41,4.49,12.95
1-1/4,30,7,20.35,42.19,238.54,1.4,3.58,10.94
1-1/4,40,7,20.35,42.19,238.54,1.4,3.58,10.94
2,10,6,23.58,39.06,255.84,1.39,3.32,10.35
5,10,2,69.38,22.55,434.59,1.36,1.92,7.24
1-1/4,20,8,17.24,45.1,215.99,1.35,3.83,11.49
1,10,11,12.55,52.89,184.44,1.35,4.49,12.95
1,30,9,15.01,47.84,199.51,1.33,4.06,12.0
3,40,2,67.76,22.55,424.45,1.33,1.92,7.24
1,40,9,15.01,47.84,199.51,1.33,4.06,12.0
3,30,2,67.76,22.55,424.45,1.33,1.92,7.24
2,20,5,26.88,35.66,266.21,1.32,3.03,9.71
6,20,1,133.89,15.95,593.05,1.31,1.35,6.0
5,40,1,130.6,15.95,578.48,1.28,1.35,6.0
1-1/2,10,7,18.66,42.19,218.7,1.28,3.58,10.94
2,40,4,32.62,31.89,289.02,1.28,2.71,9.0
5,30,1,130.6,15.95,578.48,1.28,1.35,6.0
1,20,10,13.09,50.43,183.32,1.28,4.28,12.49
2,30,4,32.62,31.89,289.02,1.28,2.71,9.0
1-1/4,10,8,16.16,45.1,202.48,1.27,3.83,11.49
3,20,2,63.94,22.55,400.51,1.25,1.92,7.24
1-1/2,20,6,21.23,39.06,230.35,1.25,3.32,10.35
2-1/2,10,4,31.57,31.89,279.66,1.24,2.71,9.0
1,10,10,12.55,50.43,175.85,1.23,4.28,12.49
1-1/4,40,6,20.35,39.06,220.84,1.2,3.32,10.35
1-1/4,30,6,20.35,39.06,220.84,1.2,3.32,10.35
1-1/2,40,5,24.3,35.66,240.65,1.19,3.03,9.71
1-1/2,30,5,24.3,35.66,240.65,1.19,3.03,9.71
8,10,1,119.81,15.95,530.68,1.18,1.35,6.0
1,40,8,15.01,45.1,188.1,1.18,3.83,11.49
1,30,8,15.01,45.1,188.1,1.18,3.83,11.49
1-1/4,20,7,17.24,42.19,202.04,1.18,3.58,10.94
2,10,5,23.58,35.66,233.55,1.16,3.03,9.71
1,20,9,13.09,47.84,173.92,1.16,4.06,12.0
3,10,3,38.74,27.62,297.25,1.14,2.35,8.2
1,10,9,12.55,47.84,166.83,1.11,4.06,12.0
1-1/4,10,7,16.16,42.19,189.4,1.11,3.58,10.94
5,20,1,111.67,15.95,494.66,1.1,1.35,6.0
1-1/2,10,6,18.66,39.06,202.48,1.1,3.32,10.35
2,20,4,26.88,31.89,238.1,1.05,2.71,9.0
1-1/2,20,5,21.23,35.66,210.28,1.04,3.03,9.71
1,20,8,13.09,45.1,163.97,1.03,3.83,11.49
1,30,7,15.01,42.19,175.95,1.03,3.58,10.94
1,40,7,15.01,42.19,175.95,1.03,3.58,10.94
2-1/2,30,2,51.8,22.55,324.47,1.02,1.92,7.24
2-1/2,40,2,51.8,22.55,324.47,1.02,1.92,7.24
1-1/4,20,6,17.24,39.06,187.06,1.01,3.32,10.35
1-1/4,30,5,20.35,35.66,201.6,1.0,3.03,9.71
1-1/4,40,5,20.35,35.66,201.6,1.0,3.03,9.71
1,10,8,12.55,45.1,157.29,0.99,3.83,11.49
4,10,2,50.21,22.55,314.51,0.99,1.92,7.24
2,40,3,32.62,27.62,250.3,0.96,2.35,8.2
2,30,3,32.62,27.62,250.3,0.96,2.35,8.2
1-1/2,40,4,24.3,31.89,215.24,0.95,2.71,9.0
4,40,1,96.45,15.95,427.23,0.95,1.35,6.0
1-1/2,30,4,24.3,31.89,215.24,0.95,2.71,9.0
4,30,1,96.45,15.95,427.23,0.95,1.35,6.0
2-1/2,20,2,48.25,22.55,302.26,0.95,1.92,7.24
1-1/4,10,6,16.16,39.06,175.35,0.95,3.32,10.35
2-1/2,10,3,31.57,27.62,242.2,0.93,2.35,8.2
2,10,4,23.58,31.89,208.89,0.93,2.71,9.0
1-1/2,10,5,18.66,35.66,184.83,0.92,3.03,9.71
1,20,7,13.09,42.19,153.38,0.9,3.58,10.94
1,40,6,15.01,39.06,162.9,0.88,3.32,10.35
1,30,6,15.01,39.06,162.9,0.88,3.32,10.35
1,10,7,12.55,42.19,147.13,0.86,3.58,10.94
1-1/4,20,5,17.24,35.66,170.76,0.85,3.03,9.71
1-1/2,20,4,21.23,31.89,188.08,0.83,2.71,9.0
4,20,1,83.33,15.95,369.11,0.82,1.35,6.0
6,10,1,82.96,15.95,367.47,0.81,1.35,6.0
1-1/4,40,4,20.35,31.89,180.32,0.8,2.71,9.0
1-1/4,30,4,20.35,31.89,180.32,0.8,2.71,9.0
1-1/4,10,5,16.16,35.66,160.07,0.79,3.03,9.71
2,20,3,26.88,27.62,206.2,0.79,2.35,8.2
1,20,6,13.09,39.06,142.0,0.77,3.32,10.35
3,10,2,38.74,22.55,242.7,0.76,1.92,7.24
1,10,6,12.55,39.06,136.21,0.74,3.32,10.35
1,40,5,15.01,35.66,148.71,0.74,3.03,9.71
1,30,5,15.01,35.66,148.71,0.74,3.03,9.71
1-1/2,10,4,18.66,31.89,165.32,0.73,2.71,9.0
1-1/2,30,3,24.3,27.62,186.41,0.72,2.35,8.2
1-1/2,40,3,24.3,27.62,186.41,0.72,2.35,8.2
2,10,3,23.58,27.62,180.91,0.69,2.35,8.2
5,10,1,69.38,15.95,307.3,0.68,1.35,6.0
1-1/4,20,4,17.24,31.89,152.73,0.68,2.71,9.0
3,40,1,67.76,15.95,300.13,0.66,1.35,6.0
3,30,1,67.76,15.95,300.13,0.66,1.35,6.0
1,20,5,13.09,35.66,129.63,0.64,3.03,9.71
2,30,2,32.62,22.55,204.37,0.64,1.92,7.24
2,40,2,32.62,22.55,204.37,0.64,1.92,7.24
3,20,1,63.94,15.95,283.21,0.63,1.35,6.0
1-1/4,10,4,16.16,31.89,143.17,0.63,2.71,9.0
1,10,5,12.55,35.66,124.35,0.62,3.03,9.71
2-1/2,10,2,31.57,22.55,197.75,0.62,1.92,7.24
1-1/2,20,3,21.23,27.62,162.88,0.62,2.35,8.2
1-1/4,40,3,20.35,27.62,156.16,0.6,2.35,8.2
1-1/4,30,3,20.35,27.62,156.16,0.6,2.35,8.2
1,40,4,15.01,31.89,133.01,0.59,2.71,9.0
1,30,4,15.01,31.89,133.01,0.59,2.71,9.0
1-1/2,10,3,18.66,27.62,143.17,0.55,2.35,8.2
2,20,2,26.88,22.55,168.36,0.53,1.92,7.24
1-1/4,20,3,17.24,27.62,132.27,0.51,2.35,8.2
2-1/2,40,1,51.8,15.95,229.43,0.51,1.35,6.0
2-1/2,30,1,51.8,15.95,229.43,0.51,1.35,6.0
1,20,4,13.09,31.89,115.94,0.51,2.71,9.0
4,10,1,50.21,15.95,222.39,0.49,1.35,6.0
1,10,4,12.55,31.89,111.22,0.49,2.71,9.0
1-1/4,10,3,16.16,27.62,123.99,0.48,2.35,8.2
1-1/2,30,2,24.3,22.55,152.2,0.48,1.92,7.24
1-1/2,40,2,24.3,22.55,152.2,0.48,1.92,7.24
2-1/2,20,1,48.25,15.95,213.73,0.47,1.35,6.0
2,10,2,23.58,22.55,147.71,0.46,1.92,7.24
1,40,3,15.01,27.62,115.19,0.44,2.35,8.2
1,30,3,15.01,27.62,115.19,0.44,2.35,8.2
1-1/2,20,2,21.23,22.55,132.99,0.42,1.92,7.24
1-1/4,40,2,20.35,22.55,127.5,0.4,1.92,7.24
1-1/4,30,2,20.35,22.55,127.5,0.4,1.92,7.24
1,20,3,13.09,27.62,100.41,0.39,2.35,8.2
3,10,1,38.74,15.95,171.62,0.38,1.35,6.0
1,10,3,12.55,27.62,96.32,0.37,2.35,8.2
1-1/2,10,2,18.66,22.55,116.9,0.37,1.92,7.24
1-1/4,20,2,17.24,22.55,108.0,0.34,1.92,7.24
1-1/4,10,2,16.16,22.55,101.24,0.32,1.92,7.24
2,30,1,32.62,15.95,144.51,0.32,1.35,6.0
2,40,1,32.62,15.95,144.51,0.32,1.35,6.0
2-1/2,10,1,31.57,15.95,139.83,0.31,1.35,6.0
1,30,2,15.01,22.55,94.05,0.29,1.92,7.24
1,40,2,15.01,22.55,94.05,0.29,1.92,7.24
2,20,1,26.88,15.95,119.05,0.26,1.35,6.0
1,20,2,13.09,22.55,81.98,0.26,1.92,7.24
1,10,2,12.55,22.55,78.64,0.25,1.92,7.24
1-1/2,30,1,24.3,15.95,107.62,0.24,1.35,6.0
1-1/2,40,1,24.3,15.95,107.62,0.24,1.35,6.0
2,10,1,23.58,15.95,104.45,0.23,1.35,6.0
1-1/2,20,1,21.23,15.95,94.04,0.21,1.35,6.0
1-1/4,30,1,20.35,15.95,90.16,0.2,1.35,6.0
1-1/4,40,1,20.35,15.95,90.16,0.2,1.35,6.0
1-1/2,10,1,18.66,15.95,82.66,0.18,1.35,6.0
1-1/4,20,1,17.24,15.95,76.37,0.17,1.35,6.0
1-1/4,10,1,16.16,15.95,71.59,0.16,1.35,6.0
1,40,1,15.01,15.95,66.5,0.15,1.35,6.0
1,30,1,15.01,15.95,66.5,0.15,1.35,6.0
1,20,1,13.09,15.95,57.97,0.13,1.35,6.0
1,10,1,12.55,15.95,55.61,0.12,1.35,6.0
