Schedule,Diámetro (pulgadas),Diámetro Decimal (pulgadas),Altura de caída (m),Masa (kg),Velocidad de impacto (km/h),Fuerza de impacto (kgf)
10,1,1.0,1,0.97,15.95,96.67
10,1,1.0,2,0.97,22.55,193.35
10,1,1.0,3,0.97,27.62,290.02
10,1,1.0,4,0.97,31.89,386.69
10,1,1.0,5,0.97,35.66,483.37
10,1,1.0,6,0.97,39.06,580.04
10,1,1.0,7,0.97,42.19,676.72
10,1,1.0,8,0.97,45.1,773.39
10,1,1.0,9,0.97,47.84,870.06
10,1,1.0,10,0.97,50.43,966.74
10,1,1.0,11,0.97,52.89,1063.41
10,1,1.0,12,0.97,55.24,1160.08
10,1,1.0,13,0.97,57.49,1256.76
10,1,1.0,14,0.97,59.66,1353.43
10,1,1.0,15,0.97,61.76,1450.11
10,1-1/2,1.5,1,1.48,15.95,148.37
10,1-1/2,1.5,2,1.48,22.55,296.74
10,1-1/2,1.5,3,1.48,27.62,445.11
10,1-1/2,1.5,4,1.48,31.89,593.47
10,1-1/2,1.5,5,1.48,35.66,741.84
10,1-1/2,1.5,6,1.48,39.06,890.21
10,1-1/2,1.5,7,1.48,42.19,1038.58
10,1-1/2,1.5,8,1.48,45.1,1186.95
10,1-1/2,1.5,9,1.48,47.84,1335.32
10,1-1/2,1.5,10,1.48,50.43,1483.69
10,1-1/2,1.5,11,1.48,52.89,1632.06
10,1-1/2,1.5,12,1.48,55.24,1780.42
10,1-1/2,1.5,13,1.48,57.49,1928.79
10,1-1/2,1.5,14,1.48,59.66,2077.16
10,1-1/2,1.5,15,1.48,61.76,2225.53
10,1-1/4,1.25,1,1.22,15.95,122.52
10,1-1/4,1.25,2,1.22,22.55,245.04
10,1-1/4,1.25,3,1.22,27.62,367.56
10,1-1/4,1.25,4,1.22,31.89,490.08
10,1-1/4,1.25,5,1.22,35.66,612.61
10,1-1/4,1.25,6,1.22,39.06,735.13
10,1-1/4,1.25,7,1.22,42.19,857.65
10,1-1/4,1.25,8,1.22,45.1,980.17
10,1-1/4,1.25,9,1.22,47.84,1102.69
10,1-1/4,1.25,10,1.22,50.43,1225.21
10,1-1/4,1.25,11,1.22,52.89,1347.73
10,1-1/4,1.25,12,1.22,55.24,1470.25
10,1-1/4,1.25,13,1.22,57.49,1592.78
10,1-1/4,1.25,14,1.22,59.66,1715.3
10,1-1/4,1.25,15,1.22,61.76,1837.82
10,1/2,0.5,1,0.45,15.95,44.98
10,1/2,0.5,2,0.45,22.55,89.96
10,1/2,0.5,3,0.45,27.62,134.94
10,1/2,0.5,4,0.45,31.89,179.91
10,1/2,0.5,5,0.45,35.66,224.89
10,1/2,0.5,6,0.45,39.06,269.87
10,1/2,0.5,7,0.45,42.19,314.85
10,1/2,0.5,8,0.45,45.1,359.83
10,1/2,0.5,9,0.45,47.84,404.81
10,1/2,0.5,10,0.45,50.43,449.79
10,1/2,0.5,11,0.45,52.89,494.77
10,1/2,0.5,12,0.45,55.24,539.74
10,1/2,0.5,13,0.45,57.49,584.72
10,1/2,0.5,14,0.45,59.66,629.7
10,1/2,0.5,15,0.45,61.76,674.68
10,10,10.0,1,21.01,15.95,2101.94
10,10,10.0,2,21.01,22.55,4203.89
10,10,10.0,3,21.01,27.62,6305.83
10,10,10.0,4,21.01,31.89,8407.77
10,10,10.0,5,21.01,35.66,10509.72
10,10,10.0,6,21.01,39.06,12611.66
10,10,10.0,7,21.01,42.19,14713.6
10,10,10.0,8,21.01,45.1,16815.54
10,10,10.0,9,21.01,47.84,18917.49
10,10,10.0,10,21.01,50.43,21019.43
10,10,10.0,11,21.01,52.89,23121.37
10,10,10.0,12,21.01,55.24,25223.32
10,10,10.0,13,21.01,57.49,27325.26
10,10,10.0,14,21.01,59.66,29427.2
10,10,10.0,15,21.01,61.76,31529.15
10,12,12.0,1,29.38,15.95,2938.95
10,12,12.0,2,29.38,22.55,5877.89
10,12,12.0,3,29.38,27.62,8816.84
10,12,12.0,4,29.38,31.89,11755.79
10,12,12.0,5,29.38,35.66,14694.73
10,12,12.0,6,29.38,39.06,17633.68
10,12,12.0,7,29.38,42.19,20572.63
10,12,12.0,8,29.38,45.1,23511.57
10,12,12.0,9,29.38,47.84,26450.52
10,12,12.0,10,29.38,50.43,29389.47
10,12,12.0,11,29.38,52.89,32328.41
10,12,12.0,12,29.38,55.24,35267.36
10,12,12.0,13,29.38,57.49,38206.31
10,12,12.0,14,29.38,59.66,41145.25
10,12,12.0,15,29.38,61.76,44084.2
10,2,2.0,1,2.53,15.95,253.44
10,2,2.0,2,2.53,22.55,506.89
10,2,2.0,3,2.53,27.62,760.33
10,2,2.0,4,2.53,31.89,1013.78
10,2,2.0,5,2.53,35.66,1267.22
10,2,2.0,6,2.53,39.06,1520.67
10,2,2.0,7,2.53,42.19,1774.11
10,2,2.0,8,2.53,45.1,2027.56
10,2,2.0,9,2.53,47.84,2281.0
10,2,2.0,10,2.53,50.43,2534.45
10,2,2.0,11,2.53,52.89,2787.89
10,2,2.0,12,2.53,55.24,3041.34
10,2,2.0,13,2.53,57.49,3294.78
10,2,2.0,14,2.53,59.66,3548.23
10,2,2.0,15,2.53,61.76,3801.67
10,2-1/2,2.5,1,3.19,15.95,319.55
10,2-1/2,2.5,2,3.19,22.55,639.1
10,2-1/2,2.5,3,3.19,27.62,958.65
10,2-1/2,2.5,4,3.19,31.89,1278.21
10,2-1/2,2.5,5,3.19,35.66,1597.76
10,2-1/2,2.5,6,3.19,39.06,1917.31
10,2-1/2,2.5,7,3.19,42.19,2236.86
10,2-1/2,2.5,8,3.19,45.1,2556.41
10,2-1/2,2.5,9,3.19,47.84,2875.96
10,2-1/2,2.5,10,3.19,50.43,3195.52
10,2-1/2,2.5,11,3.19,52.89,3515.07
10,2-1/2,2.5,12,3.19,55.24,3834.62
10,2-1/2,2.5,13,3.19,57.49,4154.17
10,2-1/2,2.5,14,3.19,59.66,4473.72
10,2-1/2,2.5,15,3.19,61.76,4793.27
10,3,3.0,1,3.86,15.95,385.66
10,3,3.0,2,3.86,22.55,771.32
10,3,3.0,3,3.86,27.62,1156.98
10,3,3.0,4,3.86,31.89,1542.63
10,3,3.0,5,3.86,35.66,1928.29
10,3,3.0,6,3.86,39.06,2313.95
10,3,3.0,7,3.86,42.19,2699.61
10,3,3.0,8,3.86,45.1,3085.27
10,3,3.0,9,3.86,47.84,3470.93
10,3,3.0,10,3.86,50.43,3856.59
10,3,3.0,11,3.86,52.89,4242.24
10,3,3.0,12,3.86,55.24,4627.9
10,3,3.0,13,3.86,57.49,5013.56
10,3,3.0,14,3.86,59.66,5399.22
10,3,3.0,15,3.86,61.76,5784.88
10,3/4,0.75,1,0.71,15.95,70.83
10,3/4,0.75,2,0.71,22.55,141.65
10,3/4,0.75,3,0.71,27.62,212.48
10,3/4,0.75,4,0.71,31.89,283.3
10,3/4,0.75,5,0.71,35.66,354.13
10,3/4,0.75,6,0.71,39.06,424.96
10,3/4,0.75,7,0.71,42.19,495.78
10,3/4,0.75,8,0.71,45.1,566.61
10,3/4,0.75,9,0.71,47.84,637.44
10,3/4,0.75,10,0.71,50.43,708.26
10,3/4,0.75,11,0.71,52.89,779.09
10,3/4,0.75,12,0.71,55.24,849.91
10,3/4,0.75,13,0.71,57.49,920.74
10,3/4,0.75,14,0.71,59.66,991.57
10,3/4,0.75,15,0.71,61.76,1062.39
10,4,4.0,1,5.18,15.95,517.87
10,4,4.0,2,5.18,22.55,1035.74
10,4,4.0,3,5.18,27.62,1553.62
10,4,4.0,4,5.18,31.89,2071.49
10,4,4.0,5,5.18,35.66,2589.36
10,4,4.0,6,5.18,39.06,3107.23
10,4,4.0,7,5.18,42.19,3625.11
10,4,4.0,8,5.18,45.1,4142.98
10,4,4.0,9,5.18,47.84,4660.85
10,4,4.0,10,5.18,50.43,5178.72
10,4,4.0,11,5.18,52.89,5696.6
10,4,4.0,12,5.18,55.24,6214.47
10,4,4.0,13,5.18,57.49,6732.34
10,4,4.0,14,5.18,59.66,7250.21
10,4,4.0,15,5.18,61.76,7768.09
10,5,5.0,1,8.49,15.95,848.92
10,5,5.0,2,8.49,22.55,1697.84
10,5,5.0,3,8.49,27.62,2546.76
10,5,5.0,4,8.49,31.89,3395.68
10,5,5.0,5,8.49,35.66,4244.6
10,5,5.0,6,8.49,39.06,5093.53
10,5,5.0,7,8.49,42.19,5942.45
10,5,5.0,8,8.49,45.1,6791.37
10,5,5.0,9,8.49,47.84,7640.29
10,5,5.0,10,8.49,50.43,8489.21
10,5,5.0,11,8.49,52.89,9338.13
10,5,5.0,12,8.49,55.24,10187.05
10,5,5.0,13,8.49,57.49,11035.97
10,5,5.0,14,8.49,59.66,11884.89
10,5,5.0,15,8.49,61.76,12733.81
10,6,6.0,1,10.22,15.95,1022.49
10,6,6.0,2,10.22,22.55,2044.98
10,6,6.0,3,10.22,27.62,3067.47
10,6,6.0,4,10.22,31.89,4089.96
10,6,6.0,5,10.22,35.66,5112.45
10,6,6.0,6,10.22,39.06,6134.94
10,6,6.0,7,10.22,42.19,7157.44
10,6,6.0,8,10.22,45.1,8179.93
10,6,6.0,9,10.22,47.84,9202.42
10,6,6.0,10,10.22,50.43,10224.91
10,6,6.0,11,10.22,52.89,11247.4
10,6,6.0,12,10.22,55.24,12269.89
10,6,6.0,13,10.22,57.49,13292.38
10,6,6.0,14,10.22,59.66,14314.87
10,6,6.0,15,10.22,61.76,15337.36
10,8,8.0,1,13.69,15.95,1369.63
10,8,8.0,2,13.69,22.55,2739.26
10,8,8.0,3,13.69,27.62,4108.89
10,8,8.0,4,13.69,31.89,5478.52
10,8,8.0,5,13.69,35.66,6848.15
10,8,8.0,6,13.69,39.06,8217.78
10,8,8.0,7,13.69,42.19,9587.41
10,8,8.0,8,13.69,45.1,10957.04
10,8,8.0,9,13.69,47.84,12326.68
10,8,8.0,10,13.69,50.43,13696.31
10,8,8.0,11,13.69,52.89,15065.94
10,8,8.0,12,13.69,55.24,16435.57
10,8,8.0,13,13.69,57.49,17805.2
10,8,8.0,14,13.69,59.66,19174.83
10,8,8.0,15,13.69,61.76,20544.46
20,1,1.0,1,1.55,15.95,154.64
20,1,1.0,2,1.55,22.55,309.28
20,1,1.0,3,1.55,27.62,463.92
20,1,1.0,4,1.55,31.89,618.56
20,1,1.0,5,1.55,35.66,773.21
20,1,1.0,6,1.55,39.06,927.85
20,1,1.0,7,1.55,42.19,1082.49
20,1,1.0,8,1.55,45.1,1237.13
20,1,1.0,9,1.55,47.84,1391.77
20,1,1.0,10,1.55,50.43,1546.41
20,1,1.0,11,1.55,52.89,1701.05
20,1,1.0,12,1.55,55.24,1855.69
20,1,1.0,13,1.55,57.49,2010.34
20,1,1.0,14,1.55,59.66,2164.98
20,1,1.0,15,1.55,61.76,2319.62
20,1-1/2,1.5,1,2.41,15.95,241.43
20,1-1/2,1.5,2,2.41,22.55,482.85
20,1-1/2,1.5,3,2.41,27.62,724.28
20,1-1/2,1.5,4,2.41,31.89,965.7
20,1-1/2,1.5,5,2.41,35.66,1207.13
20,1-1/2,1.5,6,2.41,39.06,1448.56
20,1-1/2,1.5,7,2.41,42.19,1689.98
20,1-1/2,1.5,8,2.41,45.1,1931.41
20,1-1/2,1.5,9,2.41,47.84,2172.84
20,1-1/2,1.5,10,2.41,50.43,2414.26
20,1-1/2,1.5,11,2.41,52.89,2655.69
20,1-1/2,1.5,12,2.41,55.24,2897.11
20,1-1/2,1.5,13,2.41,57.49,3138.54
20,1-1/2,1.5,14,2.41,59.66,3379.97
20,1-1/2,1.5,15,2.41,61.76,3621.39
20,1-1/4,1.25,1,1.98,15.95,198.03
20,1-1/4,1.25,2,1.98,22.55,396.07
20,1-1/4,1.25,3,1.98,27.62,594.1
20,1-1/4,1.25,4,1.98,31.89,792.13
20,1-1/4,1.25,5,1.98,35.66,990.17
20,1-1/4,1.25,6,1.98,39.06,1188.2
20,1-1/4,1.25,7,1.98,42.19,1386.24
20,1-1/4,1.25,8,1.98,45.1,1584.27
20,1-1/4,1.25,9,1.98,47.84,1782.3
20,1-1/4,1.25,10,1.98,50.43,1980.34
20,1-1/4,1.25,11,1.98,52.89,2178.37
20,1-1/4,1.25,12,1.98,55.24,2376.4
20,1-1/4,1.25,13,1.98,57.49,2574.44
20,1-1/4,1.25,14,1.98,59.66,2772.47
20,1-1/4,1.25,15,1.98,61.76,2970.51
20,1/2,0.5,1,0.55,15.95,54.91
20,1/2,0.5,2,0.55,22.55,109.83
20,1/2,0.5,3,0.55,27.62,164.74
20,1/2,0.5,4,0.55,31.89,219.66
20,1/2,0.5,5,0.55,35.66,274.57
20,1/2,0.5,6,0.55,39.06,329.49
20,1/2,0.5,7,0.55,42.19,384.4
20,1/2,0.5,8,0.55,45.1,439.32
20,1/2,0.5,9,0.55,47.84,494.23
20,1/2,0.5,10,0.55,50.43,549.14
20,1/2,0.5,11,0.55,52.89,604.06
20,1/2,0.5,12,0.55,55.24,658.97
20,1/2,0.5,13,0.55,57.49,713.89
20,1/2,0.5,14,0.55,59.66,768.8
20,1/2,0.5,15,0.55,61.76,823.72
20,10,10.0,1,25.81,15.95,2582.17
20,10,10.0,2,25.81,22.55,5164.34
20,10,10.0,3,25.81,27.62,7746.51
20,10,10.0,4,25.81,31.89,10328.68
20,10,10.0,5,25.81,35.66,12910.85
20,10,10.0,6,25.81,39.06,15493.02
20,10,10.0,7,25.81,42.19,18075.19
20,10,10.0,8,25.81,45.1,20657.36
20,10,10.0,9,25.81,47.84,23239.53
20,10,10.0,10,25.81,50.43,25821.7
20,10,10.0,11,25.81,52.89,28403.87
20,10,10.0,12,25.81,55.24,30986.04
20,10,10.0,13,25.81,57.49,33568.21
20,10,10.0,14,25.81,59.66,36150.38
20,10,10.0,15,25.81,61.76,38732.55
20,12,12.0,1,35.37,15.95,3537.85
20,12,12.0,2,35.37,22.55,7075.69
20,12,12.0,3,35.37,27.62,10613.54
20,12,12.0,4,35.37,31.89,14151.39
20,12,12.0,5,35.37,35.66,17689.24
20,12,12.0,6,35.37,39.06,21227.08
20,12,12.0,7,35.37,42.19,24764.93
20,12,12.0,8,35.37,45.1,28302.78
20,12,12.0,9,35.37,47.84,31840.62
20,12,12.0,10,35.37,50.43,35378.47
20,12,12.0,11,35.37,52.89,38916.32
20,12,12.0,12,35.37,55.24,42454.17
20,12,12.0,13,35.37,57.49,45992.01
20,12,12.0,14,35.37,59.66,49529.86
20,12,12.0,15,35.37,61.76,53067.71
20,2,2.0,1,3.28,15.95,328.21
20,2,2.0,2,3.28,22.55,656.42
20,2,2.0,3,3.28,27.62,984.63
20,2,2.0,4,3.28,31.89,1312.84
20,2,2.0,5,3.28,35.66,1641.06
20,2,2.0,6,3.28,39.06,1969.27
20,2,2.0,7,3.28,42.19,2297.48
20,2,2.0,8,3.28,45.1,2625.69
20,2,2.0,9,3.28,47.84,2953.9
20,2,2.0,10,3.28,50.43,3282.11
20,2,2.0,11,3.28,52.89,3610.32
20,2,2.0,12,3.28,55.24,3938.53
20,2,2.0,13,3.28,57.49,4266.74
20,2,2.0,14,3.28,59.66,4594.96
20,2,2.0,15,3.28,61.76,4923.17
20,2-1/2,2.5,1,4.55,15.95,454.84
20,2-1/2,2.5,2,4.55,22.55,909.68
20,2-1/2,2.5,3,4.55,27.62,1364.52
20,2-1/2,2.5,4,4.55,31.89,1819.35
20,2-1/2,2.5,5,4.55,35.66,2274.19
20,2-1/2,2.5,6,4.55,39.06,2729.03
20,2-1/2,2.5,7,4.55,42.19,3183.87
20,2-1/2,2.5,8,4.55,45.1,3638.71
20,2-1/2,2.5,9,4.55,47.84,4093.55
20,2-1/2,2.5,10,4.55,50.43,4548.38
20,2-1/2,2.5,11,4.55,52.89,5003.22
20,2-1/2,2.5,12,4.55,55.24,5458.06
20,2-1/2,2.5,13,4.55,57.49,5912.9
20,2-1/2,2.5,14,4.55,59.66,6367.74
20,2-1/2,2.5,15,4.55,61.76,6822.58
20,3,3.0,1,5.5,15.95,550.4
20,3,3.0,2,5.5,22.55,1100.79
20,3,3.0,3,5.5,27.62,1651.19
20,3,3.0,4,5.5,31.89,2201.58
20,3,3.0,5,5.5,35.66,2751.98
20,3,3.0,6,5.5,39.06,3302.37
20,3,3.0,7,5.5,42.19,3852.77
20,3,3.0,8,5.5,45.1,4403.17
20,3,3.0,9,5.5,47.84,4953.56
20,3,3.0,10,5.5,50.43,5503.96
20,3,3.0,11,5.5,52.89,6054.35
20,3,3.0,12,5.5,55.24,6604.75
20,3,3.0,13,5.5,57.49,7155.15
20,3,3.0,14,5.5,59.66,7705.54
20,3,3.0,15,5.5,61.76,8255.94
20,3/4,0.75,1,0.88,15.95,87.81
20,3/4,0.75,2,0.88,22.55,175.62
20,3/4,0.75,3,0.88,27.62,263.43
20,3/4,0.75,4,0.88,31.89,351.24
20,3/4,0.75,5,0.88,35.66,439.06
20,3/4,0.75,6,0.88,39.06,526.87
20,3/4,0.75,7,0.88,42.19,614.68
20,3/4,0.75,8,0.88,45.1,702.49
20,3/4,0.75,9,0.88,47.84,790.3
20,3/4,0.75,10,0.88,50.43,878.11
20,3/4,0.75,11,0.88,52.89,965.92
20,3/4,0.75,12,0.88,55.24,1053.73
20,3/4,0.75,13,0.88,57.49,1141.55
20,3/4,0.75,14,0.88,59.66,1229.36
20,3/4,0.75,15,0.88,61.76,1317.17
20,4,4.0,1,6.75,15.95,675.35
20,4,4.0,2,6.75,22.55,1350.7
20,4,4.0,3,6.75,27.62,2026.05
20,4,4.0,4,6.75,31.89,2701.4
20,4,4.0,5,6.75,35.66,3376.75
20,4,4.0,6,6.75,39.06,4052.11
20,4,4.0,7,6.75,42.19,4727.46
20,4,4.0,8,6.75,45.1,5402.81
20,4,4.0,9,6.75,47.84,6078.16
20,4,4.0,10,6.75,50.43,6753.51
20,4,4.0,11,6.75,52.89,7428.86
20,4,4.0,12,6.75,55.24,8104.21
20,4,4.0,13,6.75,57.49,8779.56
20,4,4.0,14,6.75,59.66,9454.91
20,4,4.0,15,6.75,61.76,10130.26
20,5,5.0,1,10.36,15.95,1036.71
20,5,5.0,2,10.36,22.55,2073.43
20,5,5.0,3,10.36,27.62,3110.14
20,5,5.0,4,10.36,31.89,4146.85
20,5,5.0,5,10.36,35.66,5183.56
20,5,5.0,6,10.36,39.06,6220.28
20,5,5.0,7,10.36,42.19,7256.99
20,5,5.0,8,10.36,45.1,8293.7
20,5,5.0,9,10.36,47.84,9330.41
20,5,5.0,10,10.36,50.43,10367.13
20,5,5.0,11,10.36,52.89,11403.84
20,5,5.0,12,10.36,55.24,12440.55
20,5,5.0,13,10.36,57.49,13477.26
20,5,5.0,14,10.36,59.66,14513.98
20,5,5.0,15,10.36,61.76,15550.69
20,6,6.0,1,12.49,15.95,1249.76
20,6,6.0,2,12.49,22.55,2499.52
20,6,6.0,3,12.49,27.62,3749.28
20,6,6.0,4,12.49,31.89,4999.03
20,6,6.0,5,12.49,35.66,6248.79
20,6,6.0,6,12.49,39.06,7498.55
20,6,6.0,7,12.49,42.19,8748.31
20,6,6.0,8,12.49,45.1,9998.07
20,6,6.0,9,12.49,47.84,11247.83
20,6,6.0,10,12.49,50.43,12497.59
20,6,6.0,11,12.49,52.89,13747.34
20,6,6.0,12,12.49,55.24,14997.1
20,6,6.0,13,12.49,57.49,16246.86
20,6,6.0,14,12.49,59.66,17496.62
20,6,6.0,15,12.49,61.76,18746.38
20,8,8.0,1,18.49,15.95,1849.95
20,8,8.0,2,18.49,22.55,3699.91
20,8,8.0,3,18.49,27.62,5549.86
20,8,8.0,4,18.49,31.89,7399.82
20,8,8.0,5,18.49,35.66,9249.77
20,8,8.0,6,18.49,39.06,11099.73
20,8,8.0,7,18.49,42.19,12949.68
20,8,8.0,8,18.49,45.1,14799.64
20,8,8.0,9,18.49,47.84,16649.59
20,8,8.0,10,18.49,50.43,18499.55
20,8,8.0,11,18.49,52.89,20349.5
20,8,8.0,12,18.49,55.24,22199.46
20,8,8.0,13,18.49,57.49,24049.41
20,8,8.0,14,18.49,59.66,25899.36
20,8,8.0,15,18.49,61.76,27749.32
30,1,1.0,1,1.84,15.95,183.61
30,1,1.0,2,1.84,22.55,367.22
30,1,1.0,3,1.84,27.62,550.83
30,1,1.0,4,1.84,31.89,734.44
30,1,1.0,5,1.84,35.66,918.05
30,1,1.0,6,1.84,39.06,1101.66
30,1,1.0,7,1.84,42.19,1285.27
30,1,1.0,8,1.84,45.1,1468.88
30,1,1.0,9,1.84,47.84,1652.48
30,1,1.0,10,1.84,50.43,1836.09
30,1,1.0,11,1.84,52.89,2019.7
30,1,1.0,12,1.84,55.24,2203.31
30,1,1.0,13,1.84,57.49,2386.92
30,1,1.0,14,1.84,59.66,2570.53
30,1,1.0,15,1.84,61.76,2754.14
30,1-1/2,1.5,1,3.12,15.95,312.48
30,1-1/2,1.5,2,3.12,22.55,624.96
30,1-1/2,1.5,3,3.12,27.62,937.43
30,1-1/2,1.5,4,3.12,31.89,1249.91
30,1-1/2,1.5,5,3.12,35.66,1562.39
30,1-1/2,1.5,6,3.12,39.06,1874.87
30,1-1/2,1.5,7,3.12,42.19,2187.35
30,1-1/2,1.5,8,3.12,45.1,2499.83
30,1-1/2,1.5,9,3.12,47.84,2812.3
30,1-1/2,1.5,10,3.12,50.43,3124.78
30,1-1/2,1.5,11,3.12,52.89,3437.26
30,1-1/2,1.5,12,3.12,55.24,3749.74
30,1-1/2,1.5,13,3.12,57.49,4062.22
30,1-1/2,1.5,14,3.12,59.66,4374.69
30,1-1/2,1.5,15,3.12,61.76,4687.17
30,1-1/4,1.25,1,2.47,15.95,247.57
30,1-1/4,1.25,2,2.47,22.55,495.15
30,1-1/4,1.25,3,2.47,27.62,742.72
30,1-1/4,1.25,4,2.47,31.89,990.3
30,1-1/4,1.25,5,2.47,35.66,1237.87
30,1-1/4,1.25,6,2.47,39.06,1485.45
30,1-1/4,1.25,7,2.47,42.19,1733.02
30,1-1/4,1.25,8,2.47,45.1,1980.6
30,1-1/4,1.25,9,2.47,47.84,2228.17
30,1-1/4,1.25,10,2.47,50.43,2475.75
30,1-1/4,1.25,11,2.47,52.89,2723.32
30,1-1/4,1.25,12,2.47,55.24,2970.89
30,1-1/4,1.25,13,2.47,57.49,3218.47
30,1-1/4,1.25,14,2.47,59.66,3466.04
30,1-1/4,1.25,15,2.47,61.76,3713.62
30,1/2,0.5,1,0.61,15.95,61.18
30,1/2,0.5,2,0.61,22.55,122.36
30,1/2,0.5,3,0.61,27.62,183.53
30,1/2,0.5,4,0.61,31.89,244.71
30,1/2,0.5,5,0.61,35.66,305.89
30,1/2,0.5,6,0.61,39.06,367.07
30,1/2,0.5,7,0.61,42.19,428.24
30,1/2,0.5,8,0.61,45.1,489.42
30,1/2,0.5,9,0.61,47.84,550.6
30,1/2,0.5,10,0.61,50.43,611.78
30,1/2,0.5,11,0.61,52.89,672.96
30,1/2,0.5,12,0.61,55.24,734.13
30,1/2,0.5,13,0.61,57.49,795.31
30,1/2,0.5,14,0.61,59.66,856.49
30,1/2,0.5,15,0.61,61.76,917.67
30,10,10.0,1,55.95,15.95,5596.65
30,10,10.0,2,55.95,22.55,11193.29
30,10,10.0,3,55.95,27.62,16789.94
30,10,10.0,4,55.95,31.89,22386.59
30,10,10.0,5,55.95,35.66,27983.23
30,10,10.0,6,55.95,39.06,33579.88
30,10,10.0,7,55.95,42.19,39176.53
30,10,10.0,8,55.95,45.1,44773.17
30,10,10.0,9,55.95,47.84,50369.82
30,10,10.0,10,55.95,50.43,55966.47
30,10,10.0,11,55.95,52.89,61563.11
30,10,10.0,12,55.95,55.24,67159.76
30,10,10.0,13,55.95,57.49,72756.41
30,10,10.0,14,55.95,59.66,78353.06
30,10,10.0,15,55.95,61.76,83949.7
30,12,12.0,1,74.88,15.95,7490.14
30,12,12.0,2,74.88,22.55,14980.29
30,12,12.0,3,74.88,27.62,22470.43
30,12,12.0,4,74.88,31.89,29960.58
30,12,12.0,5,74.88,35.66,37450.72
30,12,12.0,6,74.88,39.06,44940.86
30,12,12.0,7,74.88,42.19,52431.01
30,12,12.0,8,74.88,45.1,59921.15
30,12,12.0,9,74.88,47.84,67411.3
30,12,12.0,10,74.88,50.43,74901.44
30,12,12.0,11,74.88,52.89,82391.59
30,12,12.0,12,74.88,55.24,89881.73
30,12,12.0,13,74.88,57.49,97371.87
30,12,12.0,14,74.88,59.66,104862.02
30,12,12.0,15,74.88,61.76,112352.16
30,2,2.0,1,4.52,15.95,452.29
30,2,2.0,2,4.52,22.55,904.58
30,2,2.0,3,4.52,27.62,1356.87
30,2,2.0,4,4.52,31.89,1809.16
30,2,2.0,5,4.52,35.66,2261.46
30,2,2.0,6,4.52,39.06,2713.75
30,2,2.0,7,4.52,42.19,3166.04
30,2,2.0,8,4.52,45.1,3618.33
30,2,2.0,9,4.52,47.84,4070.62
30,2,2.0,10,4.52,50.43,4522.91
30,2,2.0,11,4.52,52.89,4975.2
30,2,2.0,12,4.52,55.24,5427.49
30,2,2.0,13,4.52,57.49,5879.78
30,2,2.0,14,4.52,59.66,6332.07
30,2,2.0,15,4.52,61.76,6784.37
30,2-1/2,2.5,1,6.92,15.95,692.43
30,2-1/2,2.5,2,6.92,22.55,1384.86
30,2-1/2,2.5,3,6.92,27.62,2077.29
30,2-1/2,2.5,4,6.92,31.89,2769.71
30,2-1/2,2.5,5,6.92,35.66,3462.14
30,2-1/2,2.5,6,6.92,39.06,4154.57
30,2-1/2,2.5,7,6.92,42.19,4847.0
30,2-1/2,2.5,8,6.92,45.1,5539.43
30,2-1/2,2.5,9,6.92,47.84,6231.86
30,2-1/2,2.5,10,6.92,50.43,6924.28
30,2-1/2,2.5,11,6.92,52.89,7616.71
30,2-1/2,2.5,12,6.92,55.24,8309.14
30,2-1/2,2.5,13,6.92,57.49,9001.57
30,2-1/2,2.5,14,6.92,59.66,9694.0
30,2-1/2,2.5,15,6.92,61.76,10386.43
30,3,3.0,1,9.57,15.95,957.67
30,3,3.0,2,9.57,22.55,1915.33
30,3,3.0,3,9.57,27.62,2873.0
30,3,3.0,4,9.57,31.89,3830.66
30,3,3.0,5,9.57,35.66,4788.33
30,3,3.0,6,9.57,39.06,5746.0
30,3,3.0,7,9.57,42.19,6703.66
30,3,3.0,8,9.57,45.1,7661.33
30,3,3.0,9,9.57,47.84,8619.0
30,3,3.0,10,9.57,50.43,9576.66
30,3,3.0,11,9.57,52.89,10534.33
30,3,3.0,12,9.57,55.24,11491.99
30,3,3.0,13,9.57,57.49,12449.66
30,3,3.0,14,9.57,59.66,13407.33
30,3,3.0,15,9.57,61.76,14364.99
30,3/4,0.75,1,1.15,15.95,114.56
30,3/4,0.75,2,1.15,22.55,229.11
30,3/4,0.75,3,1.15,27.62,343.67
30,3/4,0.75,4,1.15,31.89,458.23
30,3/4,0.75,5,1.15,35.66,572.78
30,3/4,0.75,6,1.15,39.06,687.34
30,3/4,0.75,7,1.15,42.19,801.9
30,3/4,0.75,8,1.15,45.1,916.46
30,3/4,0.75,9,1.15,47.84,1031.01
30,3/4,0.75,10,1.15,50.43,1145.57
30,3/4,0.75,11,1.15,52.89,1260.13
30,3/4,0.75,12,1.15,55.24,1374.68
30,3/4,0.75,13,1.15,57.49,1489.24
30,3/4,0.75,14,1.15,59.66,1603.8
30,3/4,0.75,15,1.15,61.76,1718.35
30,4,4.0,1,14.92,15.95,1492.11
30,4,4.0,2,14.92,22.55,2984.21
30,4,4.0,3,14.92,27.62,4476.32
30,4,4.0,4,14.92,31.89,5968.42
30,4,4.0,5,14.92,35.66,7460.53
30,4,4.0,6,14.92,39.06,8952.64
30,4,4.0,7,14.92,42.19,10444.74
30,4,4.0,8,14.92,45.1,11936.85
30,4,4.0,9,14.92,47.84,13428.95
30,4,4.0,10,14.92,50.43,14921.06
30,4,4.0,11,14.92,52.89,16413.17
30,4,4.0,12,14.92,55.24,17905.27
30,4,4.0,13,14.92,57.49,19397.38
30,4,4.0,14,14.92,59.66,20889.48
30,4,4.0,15,14.92,61.76,22381.59
30,5,5.0,1,21.02,15.95,2102.88
30,5,5.0,2,21.02,22.55,4205.75
30,5,5.0,3,21.02,27.62,6308.63
30,5,5.0,4,21.02,31.89,8411.5
30,5,5.0,5,21.02,35.66,10514.38
30,5,5.0,6,21.02,39.06,12617.25
30,5,5.0,7,21.02,42.19,14720.13
30,5,5.0,8,21.02,45.1,16823.0
30,5,5.0,9,21.02,47.84,18925.88
30,5,5.0,10,21.02,50.43,21028.75
30,5,5.0,11,21.02,52.89,23131.63
30,5,5.0,12,21.02,55.24,25234.5
30,5,5.0,13,21.02,57.49,27337.38
30,5,5.0,14,21.02,59.66,29440.25
30,5,5.0,15,21.02,61.76,31543.13
30,6,6.0,1,25.48,15.95,2548.39
30,6,6.0,2,25.48,22.55,5096.78
30,6,6.0,3,25.48,27.62,7645.18
30,6,6.0,4,25.48,31.89,10193.57
30,6,6.0,5,25.48,35.66,12741.96
30,6,6.0,6,25.48,39.06,15290.35
30,6,6.0,7,25.48,42.19,17838.75
30,6,6.0,8,25.48,45.1,20387.14
30,6,6.0,9,25.48,47.84,22935.53
30,6,6.0,10,25.48,50.43,25483.92
30,6,6.0,11,25.48,52.89,28032.32
30,6,6.0,12,25.48,55.24,30580.71
30,6,6.0,13,25.48,57.49,33129.1
30,6,6.0,14,25.48,59.66,35677.49
30,6,6.0,15,25.48,61.76,38225.88
30,8,8.0,1,39.34,15.95,3935.44
30,8,8.0,2,39.34,22.55,7870.88
30,8,8.0,3,39.34,27.62,11806.32
30,8,8.0,4,39.34,31.89,15741.76
30,8,8.0,5,39.34,35.66,19677.21
30,8,8.0,6,39.34,39.06,23612.65
30,8,8.0,7,39.34,42.19,27548.09
30,8,8.0,8,39.34,45.1,31483.53
30,8,8.0,9,39.34,47.84,35418.97
30,8,8.0,10,39.34,50.43,39354.41
30,8,8.0,11,39.34,52.89,43289.85
30,8,8.0,12,39.34,55.24,47225.29
30,8,8.0,13,39.34,57.49,51160.73
30,8,8.0,14,39.34,59.66,55096.17
30,8,8.0,15,39.34,61.76,59031.62
40,1,1.0,1,1.84,15.95,183.61
40,1,1.0,2,1.84,22.55,367.22
40,1,1.0,3,1.84,27.62,550.83
40,1,1.0,4,1.84,31.89,734.44
40,1,1.0,5,1.84,35.66,918.05
40,1,1.0,6,1.84,39.06,1101.66
40,1,1.0,7,1.84,42.19,1285.27
40,1,1.0,8,1.84,45.1,1468.88
40,1,1.0,9,1.84,47.84,1652.48
40,1,1.0,10,1.84,50.43,1836.09
40,1,1.0,11,1.84,52.89,2019.7
40,1,1.0,12,1.84,55.24,2203.31
40,1,1.0,13,1.84,57.49,2386.92
40,1,1.0,14,1.84,59.66,2570.53
40,1,1.0,15,1.84,61.76,2754.14
40,1-1/2,1.5,1,3.12,15.95,312.48
40,1-1/2,1.5,2,3.12,22.55,624.96
40,1-1/2,1.5,3,3.12,27.62,937.43
40,1-1/2,1.5,4,3.12,31.89,1249.91
40,1-1/2,1.5,5,3.12,35.66,1562.39
40,1-1/2,1.5,6,3.12,39.06,1874.87
40,1-1/2,1.5,7,3.12,42.19,2187.35
40,1-1/2,1.5,8,3.12,45.1,2499.83
40,1-1/2,1.5,9,3.12,47.84,2812.3
40,1-1/2,1.5,10,3.12,50.43,3124.78
40,1-1/2,1.5,11,3.12,52.89,3437.26
40,1-1/2,1.5,12,3.12,55.24,3749.74
40,1-1/2,1.5,13,3.12,57.49,4062.22
40,1-1/2,1.5,14,3.12,59.66,4374.69
40,1-1/2,1.5,15,3.12,61.76,4687.17
40,1-1/4,1.25,1,2.47,15.95,247.57
40,1-1/4,1.25,2,2.47,22.55,495.15
40,1-1/4,1.25,3,2.47,27.62,742.72
40,1-1/4,1.25,4,2.47,31.89,990.3
40,1-1/4,1.25,5,2.47,35.66,1237.87
40,1-1/4,1.25,6,2.47,39.06,1485.45
40,1-1/4,1.25,7,2.47,42.19,1733.02
40,1-1/4,1.25,8,2.47,45.1,1980.6
40,1-1/4,1.25,9,2.47,47.84,2228.17
40,1-1/4,1.25,10,2.47,50.43,2475.75
40,1-1/4,1.25,11,2.47,52.89,2723.32
40,1-1/4,1.25,12,2.47,55.24,2970.89
40,1-1/4,1.25,13,2.47,57.49,3218.47
40,1-1/4,1.25,14,2.47,59.66,3466.04
40,1-1/4,1.25,15,2.47,61.76,3713.62
40,1/2,0.5,1,0.68,15.95,67.86
40,1/2,0.5,2,0.68,22.55,135.71
40,1/2,0.5,3,0.68,27.62,203.57
40,1/2,0.5,4,0.68,31.89,271.43
40,1/2,0.5,5,0.68,35.66,339.28
40,1/2,0.5,6,0.68,39.06,407.14
40,1/2,0.5,7,0.68,42.19,474.99
40,1/2,0.5,8,0.68,45.1,542.85
40,1/2,0.5,9,0.68,47.84,610.71
40,1/2,0.5,10,0.68,50.43,678.56
40,1/2,0.5,11,0.68,52.89,746.42
40,1/2,0.5,12,0.68,55.24,814.28
40,1/2,0.5,13,0.68,57.49,882.13
40,1/2,0.5,14,0.68,59.66,949.99
40,1/2,0.5,15,0.68,61.76,1017.84
40,10,10.0,1,55.95,15.95,5596.65
40,10,10.0,2,55.95,22.55,11193.29
40,10,10.0,3,55.95,27.62,16789.94
40,10,10.0,4,55.95,31.89,22386.59
40,10,10.0,5,55.95,35.66,27983.23
40,10,10.0,6,55.95,39.06,33579.88
40,10,10.0,7,55.95,42.19,39176.53
40,10,10.0,8,55.95,45.1,44773.17
40,10,10.0,9,55.95,47.84,50369.82
40,10,10.0,10,55.95,50.43,55966.47
40,10,10.0,11,55.95,52.89,61563.11
40,10,10.0,12,55.95,55.24,67159.76
40,10,10.0,13,55.95,57.49,72756.41
40,10,10.0,14,55.95,59.66,78353.06
40,10,10.0,15,55.95,61.76,83949.7
40,12,12.0,1,74.88,15.95,7490.14
40,12,12.0,2,74.88,22.55,14980.29
40,12,12.0,3,74.88,27.62,22470.43
40,12,12.0,4,74.88,31.89,29960.58
40,12,12.0,5,74.88,35.66,37450.72
40,12,12.0,6,74.88,39.06,44940.86
40,12,12.0,7,74.88,42.19,52431.01
40,12,12.0,8,74.88,45.1,59921.15
40,12,12.0,9,74.88,47.84,67411.3
40,12,12.0,10,74.88,50.43,74901.44
40,12,12.0,11,74.88,52.89,82391.59
40,12,12.0,12,74.88,55.24,89881.73
40,12,12.0,13,74.88,57.49,97371.87
40,12,12.0,14,74.88,59.66,104862.02
40,12,12.0,15,74.88,61.76,112352.16
40,2,2.0,1,4.52,15.95,452.29
40,2,2.0,2,4.52,22.55,904.58
40,2,2.0,3,4.52,27.62,1356.87
40,2,2.0,4,4.52,31.89,1809.16
40,2,2.0,5,4.52,35.66,2261.46
40,2,2.0,6,4.52,39.06,2713.75
40,2,2.0,7,4.52,42.19,3166.04
40,2,2.0,8,4.52,45.1,3618.33
40,2,2.0,9,4.52,47.84,4070.62
40,2,2.0,10,4.52,50.43,4522.91
40,2,2.0,11,4.52,52.89,4975.2
40,2,2.0,12,4.52,55.24,5427.49
40,2,2.0,13,4.52,57.49,5879.78
40,2,2.0,14,4.52,59.66,6332.07
40,2,2.0,15,4.52,61.76,6784.37
40,2-1/2,2.5,1,7.42,15.95,742.64
40,2-1/2,2.5,2,7.42,22.55,1485.28
40,2-1/2,2.5,3,7.42,27.62,2227.91
40,2-1/2,2.5,4,7.42,31.89,2970.55
40,2-1/2,2.5,5,7.42,35.66,3713.19
40,2-1/2,2.5,6,7.42,39.06,4455.83
40,2-1/2,2.5,7,7.42,42.19,5198.46
40,2-1/2,2.5,8,7.42,45.1,5941.1
40,2-1/2,2.5,9,7.42,47.84,6683.74
40,2-1/2,2.5,10,7.42,50.43,7426.38
40,2-1/2,2.5,11,7.42,52.89,8169.02
40,2-1/2,2.5,12,7.42,55.24,8911.65
40,2-1/2,2.5,13,7.42,57.49,9654.29
40,2-1/2,2.5,14,7.42,59.66,10396.93
40,2-1/2,2.5,15,7.42,61.76,11139.57
40,3,3.0,1,9.57,15.95,957.67
40,3,3.0,2,9.57,22.55,1915.33
40,3,3.0,3,9.57,27.62,2873.0
40,3,3.0,4,9.57,31.89,3830.66
40,3,3.0,5,9.57,35.66,4788.33
40,3,3.0,6,9.57,39.06,5746.0
40,3,3.0,7,9.57,42.19,6703.66
40,3,3.0,8,9.57,45.1,7661.33
40,3,3.0,9,9.57,47.84,8619.0
40,3,3.0,10,9.57,50.43,9576.66
40,3,3.0,11,9.57,52.89,10534.33
40,3,3.0,12,9.57,55.24,11491.99
40,3,3.0,13,9.57,57.49,12449.66
40,3,3.0,14,9.57,59.66,13407.33
40,3,3.0,15,9.57,61.76,14364.99
40,3/4,0.75,1,1.15,15.95,114.56
40,3/4,0.75,2,1.15,22.55,229.11
40,3/4,0.75,3,1.15,27.62,343.67
40,3/4,0.75,4,1.15,31.89,458.23
40,3/4,0.75,5,1.15,35.66,572.78
40,3/4,0.75,6,1.15,39.06,687.34
40,3/4,0.75,7,1.15,42.19,801.9
40,3/4,0.75,8,1.15,45.1,916.46
40,3/4,0.75,9,1.15,47.84,1031.01
40,3/4,0.75,10,1.15,50.43,1145.57
40,3/4,0.75,11,1.15,52.89,1260.13
40,3/4,0.75,12,1.15,55.24,1374.68
40,3/4,0.75,13,1.15,57.49,1489.24
40,3/4,0.75,14,1.15,59.66,1603.8
40,3/4,0.75,15,1.15,61.76,1718.35
40,4,4.0,1,14.92,15.95,1492.11
40,4,4.0,2,14.92,22.55,2984.21
40,4,4.0,3,14.92,27.62,4476.32
40,4,4.0,4,14.92,31.89,5968.42
40,4,4.0,5,14.92,35.66,7460.53
40,4,4.0,6,14.92,39.06,8952.64
40,4,4.0,7,14.92,42.19,10444.74
40,4,4.0,8,14.92,45.1,11936.85
40,4,4.0,9,14.92,47.84,13428.95
40,4,4.0,10,14.92,50.43,14921.06
40,4,4.0,11,14.92,52.89,16413.17
40,4,4.0,12,14.92,55.24,17905.27
40,4,4.0,13,14.92,57.49,19397.38
40,4,4.0,14,14.92,59.66,20889.48
40,4,4.0,15,14.92,61.76,22381.59
40,5,5.0,1,21.02,15.95,2102.88
40,5,5.0,2,21.02,22.55,4205.75
40,5,5.0,3,21.02,27.62,6308.63
40,5,5.0,4,21.02,31.89,8411.5
40,5,5.0,5,21.02,35.66,10514.38
40,5,5.0,6,21.02,39.06,12617.25
40,5,5.0,7,21.02,42.19,14720.13
40,5,5.0,8,21.02,45.1,16823.0
40,5,5.0,9,21.02,47.84,18925.88
40,5,5.0,10,21.02,50.43,21028.75
40,5,5.0,11,21.02,52.89,23131.63
40,5,5.0,12,21.02,55.24,25234.5
40,5,5.0,13,21.02,57.49,27337.38
40,5,5.0,14,21.02,59.66,29440.25
40,5,5.0,15,21.02,61.76,31543.13
40,6,6.0,1,25.48,15.95,2548.39
40,6,6.0,2,25.48,22.55,5096.78
40,6,6.0,3,25.48,27.62,7645.18
40,6,6.0,4,25.48,31.89,10193.57
40,6,6.0,5,25.48,35.66,12741.96
40,6,6.0,6,25.48,39.06,15290.35
40,6,6.0,7,25.48,42.19,17838.75
40,6,6.0,8,25.48,45.1,20387.14
40,6,6.0,9,25.48,47.84,22935.53
40,6,6.0,10,25.48,50.43,25483.92
40,6,6.0,11,25.48,52.89,28032.32
40,6,6.0,12,25.48,55.24,30580.71
40,6,6.0,13,25.48,57.49,33129.1
40,6,6.0,14,25.48,59.66,35677.49
40,6,6.0,15,25.48,61.76,38225.88
40,8,8.0,1,39.34,15.95,3935.44
40,8,8.0,2,39.34,22.55,7870.88
40,8,8.0,3,39.34,27.62,11806.32
40,8,8.0,4,39.34,31.89,15741.76
40,8,8.0,5,39.34,35.66,19677.21
40,8,8.0,6,39.34,39.06,23612.65
40,8,8.0,7,39.34,42.19,27548.09
40,8,8.0,8,39.34,45.1,31483.53
40,8,8.0,9,39.34,47.84,35418.97
40,8,8.0,10,39.34,50.43,39354.41
40,8,8.0,11,39.34,52.89,43289.85
40,8,8.0,12,39.34,55.24,47225.29
40,8,8.0,13,39.34,57.49,51160.73
40,8,8.0,14,39.34,59.66,55096.17
40,8,8.0,15,39.34,61.76,59031.62
